name,english_name,dub_name,level_jp,level_en,attribute,species_type,evolves_from,evolves_to,icon_url
Abbadomon,Abbadomon,Abbadomon,Ultimate,Mega,,Species Unknown,Negamon (Evolved Form),,https://wikimon.net/images/thumb/2/28/Abbadomon.jpg/120px-Abbadomon.jpg
Abbadomon Core,Abbadomon Core,Abbadomon Core,Ultimate,Mega,Virus,Species Unknown,Negamon (Evolved Form),,https://wikimon.net/images/thumb/0/05/Abbadomon_core.jpg/120px-Abbadomon_core.jpg
Achillesmon,Achillesmon,Achillesmon,Ultimate,Mega,Virus,Beast Man,,,https://wikimon.net/images/thumb/4/4f/Achillesmon.jpg/120px-Achillesmon.jpg
Aegiochusmon,Aegiochusmon,Aegiochusmon,Perfect,Ultimate,Vaccine,God Man,Aegiomon,Jupitermon,https://wikimon.net/images/thumb/b/bd/Aegiochusmon.jpg/120px-Aegiochusmon.jpg
Aegiochusmon: Blue,Aegiochusmon: Blue,Aegiochusmon: Blue,Perfect,Ultimate,Vaccine,God Man,Aegiomon,,https://wikimon.net/images/thumb/0/08/Aegiochusmon_blue.jpg/120px-Aegiochusmon_blue.jpg
Aegiochusmon: Dark,Aegiochusmon: Dark,,Perfect,Ultimate,Vaccine,God Man,Aegiomon,Jupitermon,https://wikimon.net/images/thumb/7/7a/Aegiochusmon_dark.jpg/120px-Aegiochusmon_dark.jpg
Aegiochusmon: Green,Aegiochusmon: Green,Aegiochusmon: Green,Perfect,Ultimate,Vaccine,God Man,Aegiomon,,https://wikimon.net/images/thumb/d/d4/Aegiochusmon_green.jpg/120px-Aegiochusmon_green.jpg
Aegiochusmon: Holy,Aegiochusmon: Holy,Aegiochusmon: Holy,Perfect,Ultimate,Vaccine,God Man,Aegiomon,Jupitermon,https://wikimon.net/images/thumb/5/51/Aegiochusmon_holy.jpg/120px-Aegiochusmon_holy.jpg
Aegiomon,Aegiomon,Aegiomon,Adult,Champion,Vaccine,God Man,Elecmon,Aegiochusmon; Aegiochusmon: Blue; Aegiochusmon: Dark; Aegiochusmon: Green; Aegiochusmon: Holy; Jupitermon,https://wikimon.net/images/thumb/9/98/Aegiomon2.jpg/120px-Aegiomon2.jpg
Aegisdramon,Aegisdramon,Aegisdramon,Ultimate,Mega,Vaccine,Cyborg,Plesiomon,,https://wikimon.net/images/thumb/8/83/Ageisdramon.jpg/120px-Ageisdramon.jpg
Aequcedramon,Aequcedramon,,,,,,,,https://wikimon.net/images/thumb/5/55/Aequcedramon.jpg/120px-Aequcedramon.jpg
Aero V-dramon,AeroVeedramon,AeroVeedramon,Perfect,Ultimate,Vaccine,Holy Dragon,V-dramon,Ulforce V-dramon; Ulforce V-dramon Future Mode,https://wikimon.net/images/thumb/5/54/Aerovdramon.jpg/120px-Aerovdramon.jpg
Agnimon,Agunimon,Agunimon,Hybrid,Hybrid,Variable,Demon Man,Flamon; Vritramon,Ancient Greymon; Aldamon; Vritramon,https://wikimon.net/images/thumb/6/60/Agnimon.jpg/120px-Agnimon.jpg
Agumon,Agumon,Agumon,Child,Rookie,Vaccine,Reptile,Budmon; Koromon,Agumon (X-Antibody); Agumon -Yuki no Kizuna-; Blitz Greymon; Centalmon; Dinomon; Dinorexmon; Greymon; Megadramon; Meramon; Metal Greymon; Metal Greymon (Virus); Mugendramon; Omegamon; Shoutmon X7: Superior Mode; Skull Greymon; Triceramon; Tuskmon; Tyranomon; War Greymon,https://wikimon.net/images/thumb/7/72/Agumon.jpg/120px-Agumon.jpg
Agumon (2006 Anime Version),Agumon (2006 Anime Version),Agumon (2006 Anime Version),Child,Rookie,Vaccine,Dinosaur,Koromon,Agumon: Burst Mode; Geo Greymon; Maquinamon; Rize Greymon; Shine Greymon,https://wikimon.net/images/thumb/0/0e/Agumon2006.jpg/120px-Agumon2006.jpg
Agumon (Black),Agumon (Black),Agumon (Black),Child,Rookie,Virus,Reptile,Koromon,Agumon (Black) (X-Antibody); Black War Greymon; Dark Tyranomon; Greymon (Blue),https://wikimon.net/images/thumb/9/91/Agumon_black.jpg/120px-Agumon_black.jpg
Agumon (Black) (2006 Anime Version),BlackAgumon,BlackAgumon,Child,Rookie,Virus,Dinosaur,,,https://wikimon.net/images/thumb/9/97/Agumon_black_2006.jpg/120px-Agumon_black_2006.jpg
Agumon (Black) (X-Antibody),Agumon (Black) (X Antibody),Agumon (Black) (X Antibody),Child,Rookie,Virus,Reptile,Agumon (Black),,https://wikimon.net/images/thumb/3/34/Agumon_blackx.jpg/120px-Agumon_blackx.jpg
Agumon (X-Antibody),Agumon (X Antibody),Agumon (X Antibody),Child,Rookie,Vaccine,Dinosaur,Agumon,Greymon (X-Antibody); Omekamon,https://wikimon.net/images/thumb/3/30/Agumonx2.jpg/120px-Agumonx2.jpg
Agumon -Yuki no Kizuna-,Agumon (Bond of Bravery),Agumon (Bond of Bravery),Ultimate,Mega,Free,Species Unknown,Agumon,,https://wikimon.net/images/thumb/b/b9/Agumon_bondofcourage.jpg/120px-Agumon_bondofcourage.jpg
Agumon: Burst Mode,Agumon (S): Burst Mode,Agumon (S): Burst Mode,Child,Rookie,Vaccine,Dinosaur,Agumon (2006 Anime Version),,https://wikimon.net/images/thumb/2/2a/Agumon_burst.jpg/120px-Agumon_burst.jpg
Agumon Hakase,Agumon Expert,Agumon Expert,Child,Rookie,Vaccine,Dinosaur,Koromon,,https://wikimon.net/images/thumb/1/1a/Agumon_hakase.jpg/120px-Agumon_hakase.jpg
Aircraft Carrier Whamon,Aircraft Carrier Whamon,,,,,,,,https://wikimon.net/images/thumb/4/47/Aircraft_carrier_whamon.png/120px-Aircraft_carrier_whamon.png
Airdramon,Airdramon,Airdramon,Adult,Champion,Vaccine,Mythical Beast,Botamon; Monodramon,Chimairamon; Megadramon; Metal Greymon (Virus),https://wikimon.net/images/thumb/6/63/Airdramon.jpg/120px-Airdramon.jpg
Ajatarmon,Ajatarmon,Ajatarmon,Perfect,Ultimate,Vaccine,Plant,,,https://wikimon.net/images/thumb/e/e1/Ajatarmon.jpg/120px-Ajatarmon.jpg
Akatorimon,Akatorimon,Akatorimon,Adult,Champion,Data,Giant Bird,,,https://wikimon.net/images/thumb/d/df/Akatorimon.jpg/120px-Akatorimon.jpg
Albatusmon,Albatusmon,Albatusmon,Ultimate,Mega,Data,Mutation,Helios Boamon,Volvemon,https://wikimon.net/images/thumb/2/26/Albatusmon2.jpg/120px-Albatusmon2.jpg
Aldamon,Aldamon,Aldamon,Hybrid,Hybrid,Variable,Demon Man,Agnimon; Vritramon,Kaiser Greymon; Susanoomon,https://wikimon.net/images/thumb/3/3b/Aldamon.jpg/120px-Aldamon.jpg
Algomon (Adult),Argomon,Argomon,Adult,Champion,Virus,Mutation,Algomon (Child),Algomon (Perfect),https://wikimon.net/images/thumb/3/3b/Algomon_adult.jpg/120px-Algomon_adult.jpg
Algomon (Baby I),Argomon,Argomon,Baby I,Baby I / Fresh / In-Training I,Free,Mutation,Digitama,Algomon (Baby II),https://wikimon.net/images/thumb/0/00/Algomon_baby1.jpg/120px-Algomon_baby1.jpg
Algomon (Baby II),Argomon,Argomon,Baby II,Baby II / In-Training / In-Training II,Free,Mutation,Algomon (Baby I),Algomon (Child),https://wikimon.net/images/thumb/4/48/Algomon_baby2.jpg/120px-Algomon_baby2.jpg
Algomon (Child),Argomon,Argomon,Child,Rookie,Virus,Mutation,Algomon (Baby II),Algomon (Adult); Algomon (Perfect),https://wikimon.net/images/thumb/f/f6/Algomon_child.jpg/120px-Algomon_child.jpg
Algomon (Perfect),Argomon,Argomon,Perfect,Ultimate,Virus,Mutation,Algomon (Adult); Algomon (Child),Algomon (Ultimate),https://wikimon.net/images/thumb/d/d6/Algomon.jpg/120px-Algomon.jpg
Algomon (Ultimate),Argomon,Argomon,Ultimate,Mega,Virus,Mutation,Algomon (Perfect),,https://wikimon.net/images/thumb/3/36/Algomon_ultimate.jpg/120px-Algomon_ultimate.jpg
Allomon,Allomon,Allomon,Armor,Armor,Free,Dinosaur,,Allomon (X-Antibody); Shoutmon X7: Superior Mode,https://wikimon.net/images/thumb/5/5c/Allomon.jpg/120px-Allomon.jpg
Allomon (X-Antibody),Allomon (X Antibody),Allomon (X Antibody),Adult,Champion,Data,Dinosaur,Allomon,,https://wikimon.net/images/thumb/7/77/Allomonx.jpg/120px-Allomonx.jpg
Alphamon,Alphamon,Alphamon,Ultimate,Mega,Vaccine,Holy Knight,DORUguremon; DORUmon; Grademon,Alphamon: Ouryuken,https://wikimon.net/images/thumb/2/29/Alphamon.jpg/120px-Alphamon.jpg
Alphamon: Ouryuken,Alphamon: Ouryuken,Alphamon: Ouryuken,Ultimate,Mega,Vaccine,Holy Knight,Alphamon; Ouryumon,,https://wikimon.net/images/thumb/3/39/Alphamon_ouryuken.jpg/120px-Alphamon_ouryuken.jpg
Alraumon,Aruraumon,Aruraumon,Child,Rookie,Data,Plant,,Oleamon; Zassoumon,https://wikimon.net/images/thumb/3/3e/Alraumon.jpg/120px-Alraumon.jpg
Amaterasumon,Amaterasumon,Amaterasumon,Ultimate,Mega,Vaccine,God Man,,,https://wikimon.net/images/thumb/8/8b/Amaterasumon.jpg/120px-Amaterasumon.jpg
Ambromon,Ambromon,,Perfect,Ultimate,,,,,https://wikimon.net/images/thumb/5/53/Ambromon.jpg/109px-Ambromon.jpg
Amon,Amon,,,,,,,,https://wikimon.net/images/thumb/f/f0/Amon.jpg/120px-Amon.jpg
Amphimon,Amphimon,Amphimon,Ultimate,Mega,Data,Cyborg,Thetismon,,https://wikimon.net/images/thumb/c/c1/Amphimon.jpg/120px-Amphimon.jpg
Ancient Beatmon,AncientBeetlemon,AncientBeetlemon,Ultimate,Mega,Vaccine,Ancient Insect,Blitzmon,,https://wikimon.net/images/thumb/d/da/Ancientbeatmon.jpg/120px-Ancientbeatmon.jpg
Ancient Garurumon,AncientGarurumon,AncientGarurumon,Ultimate,Mega,Data,Ancient Beast,,,https://wikimon.net/images/thumb/b/be/Ancientgarurumon.jpg/120px-Ancientgarurumon.jpg
Ancient Greymon,AncientGreymon,AncientGreymon,Ultimate,Mega,Vaccine,Ancient Dragon,Agnimon,,https://wikimon.net/images/thumb/4/4e/Ancientgreymon.jpg/120px-Ancientgreymon.jpg
Ancient Irismon,AncientKazemon,AncientKazemon,Ultimate,Mega,Vaccine,Ancient Bird Man,Fairimon,,https://wikimon.net/images/thumb/a/a7/Ancientirismon.jpg/120px-Ancientirismon.jpg
Ancient Megatheriumon,AncientMegatheriummon,AncientMegatheriummon,Ultimate,Mega,Data,Ancient Beast,Chackmon,,https://wikimon.net/images/thumb/4/4e/Ancientmegatheriumon.jpg/120px-Ancientmegatheriumon.jpg
Ancient Mermaimon,AncientMermaimon,AncientMermaimon,Ultimate,Mega,Data,Ancient Aquatic Beast Man,,,https://wikimon.net/images/thumb/e/ec/Ancientmermaimon.jpg/120px-Ancientmermaimon.jpg
Ancient Sphinxmon,AncientSphinxmon,AncientSphinxmon,Ultimate,Mega,Virus,Ancient Mythical Beast,Löwemon,,https://wikimon.net/images/thumb/8/84/Ancientsphinxmon.jpg/120px-Ancientsphinxmon.jpg
Ancient Troiamon,AncientTroymon,AncientTroymon,Ultimate,Mega,Data,Ancient Plant,,,https://wikimon.net/images/thumb/6/61/Ancienttroiamon.jpg/120px-Ancienttroiamon.jpg
Ancient Volcamon,AncientVolcanomon,AncientVolcanomon,Ultimate,Mega,Virus,Ancient Mineral,,Gattai Ancient Volcamon,https://wikimon.net/images/thumb/c/c5/Ancientvolcamon.jpg/120px-Ancientvolcamon.jpg
Ancient Wisemon,AncientWisemon,AncientWisemon,Ultimate,Mega,Virus,Ancient Mutation,,,https://wikimon.net/images/thumb/3/3c/Ancientwisemon.jpg/120px-Ancientwisemon.jpg
Andiramon,Antylamon,Antylamon,Perfect,Ultimate,Virus,Holy Beast,Wendimon,Cherubimon (Vice),https://wikimon.net/images/thumb/4/41/Andiramon.jpg/120px-Andiramon.jpg
Andiramon (Deva),Antylamon (Deva),Antylamon (Deva),Perfect,Ultimate,Data,Holy Beast,Lopmon; Pagumon; Turuiemon,Cherubimon (Virtue),https://wikimon.net/images/thumb/b/b8/Andiramon_data.jpg/120px-Andiramon_data.jpg
Andromon,Andromon,Andromon,Perfect,Ultimate,Vaccine,Cyborg,Guardromon,Hi Andromon; Mugendramon; Shoutmon X7: Superior Mode,https://wikimon.net/images/thumb/1/10/Andromon.jpg/120px-Andromon.jpg
Angemon,Angemon,Angemon,Adult,Champion,Vaccine,Angel,Patamon,Holy Angemon; Seraphimon; Shakkoumon,https://wikimon.net/images/thumb/1/1b/Angemon.jpg/120px-Angemon.jpg
Angewomon,Angewomon,Angewomon,Perfect,Ultimate,Vaccine,Archangel,Nefertimon; Plotmon; Tailmon,Angewomon (X-Antibody); Holydramon; Lady Devimon; Lovely Angemon; Mastemon; Ofanimon; Ofanimon: Falldown Mode; Silphymon,https://wikimon.net/images/thumb/5/5a/Angewomon.jpg/120px-Angewomon.jpg
Angewomon (X-Antibody),Angewomon (X Antibody),Angewomon (X Antibody),Perfect,Ultimate,Vaccine,Archangel,Angewomon; Tailmon (X-Antibody),,https://wikimon.net/images/thumb/5/5d/Angewomonx.jpg/120px-Angewomonx.jpg
Angoramon,Angoramon,Angoramon,Child,Rookie,Vaccine,Beast,Bosamon,Lamortmon; Symbare Angoramon,https://wikimon.net/images/thumb/9/94/Angoramon.jpg/120px-Angoramon.jpg
AnheiNüwashou,AnheiNüwashou,,,,,,Nüwashou,,https://wikimon.net/images/thumb/5/5f/N%C3%BCwashou.jpg/100px-N%C3%BCwashou.jpg
Ankylomon,Ankylomon,Ankylomon,Adult,Champion,Free,Ankylosaur,Armadimon,Brachimon; Shakkoumon,https://wikimon.net/images/thumb/0/0b/Ankylomon.jpg/120px-Ankylomon.jpg
Anomalocarimon,Scorpiomon,Scorpiomon,Perfect,Ultimate,Data,Ancient Crustacean,,Anomalocarimon (X-Antibody),https://wikimon.net/images/thumb/3/33/Anomalocarimon.jpg/120px-Anomalocarimon.jpg
Anomalocarimon (X-Antibody),Scorpiomon (X Antibody),Scorpiomon (X Antibody),Perfect,Ultimate,Data,Ancient Crustacean,Anomalocarimon,,https://wikimon.net/images/thumb/9/96/Anomalocarimonx.jpg/120px-Anomalocarimonx.jpg
Anubimon,Anubismon,Anubismon,Ultimate,Mega,Vaccine,God Man,Cerberumon; Labramon; Pharaohmon,,https://wikimon.net/images/thumb/c/c3/Anubimon.jpg/120px-Anubimon.jpg
Apocalymon,Apocalymon,Apocalymon,Ultimate,Mega,Free,Species Unknown,Evilmon; Lady Devimon; Pico Devimon; Pinochimon; Skull Satamon; Vamdemon,Mephismon,https://wikimon.net/images/thumb/3/3d/Apocalymon.jpg/120px-Apocalymon.jpg
Apollomon,Apollomon,Apollomon,Ultimate,Mega,Vaccine,God Man,Coronamon; Flaremon,Apollomon: Whispered; Grace Novamon; Grand Generamon; Shoutmon X7: Superior Mode,https://wikimon.net/images/thumb/d/d7/Apollomon.jpg/120px-Apollomon.jpg
Apollomon: Whispered,Apollomon：Whispered,Apollomon：Whispered,Ultimate,Mega,Virus,God Man,Apollomon,Apollomon Darkness Mode,https://wikimon.net/images/thumb/e/e2/Apollomon_whispered.jpg/120px-Apollomon_whispered.jpg
Apollomon Darkness Mode,Apollomon Darkness Mode,,No Level,,,,Apollomon: Whispered,,https://wikimon.net/images/thumb/a/a0/Apollomon_Darkness_Mode.png/120px-Apollomon_Darkness_Mode.png
Aquilamon,Aquilamon,Aquilamon,Adult,Champion,Free,Giant Bird,Hawkmon; Piyomon,Garudamon; Hippogriffomon; Silphymon,https://wikimon.net/images/thumb/2/2f/Aquilamon.jpg/120px-Aquilamon.jpg
Arbormon,Arbormon,Arbormon,Hybrid,Hybrid,Variable,Cyborg,,Petaldramon,https://wikimon.net/images/thumb/8/86/Arbormon.jpg/120px-Arbormon.jpg
Archelomon,Archelomon,Archelomon,Armor,Armor,Free,Reptile,,Shoutmon X7: Superior Mode,https://wikimon.net/images/thumb/a/ad/Archelomon.jpg/120px-Archelomon.jpg
Archnemon,Arukenimon,Arukenimon,Perfect,Ultimate,Virus,Demon Beast,,,https://wikimon.net/images/thumb/6/6c/Archnemon.jpg/120px-Archnemon.jpg
Arcturusmon,Arcturusmon,Arcturusmon,Ultimate,Mega,Virus,Dragon Man,,Proximamon; Ragnamon,https://wikimon.net/images/thumb/5/57/Arcturusmon.jpg/120px-Arcturusmon.jpg
Ariemon,Ariemon,Ariemon,Ultimate,Mega,Data,Aquatic,Marin Bullmon; Ryugumon,,https://wikimon.net/images/thumb/3/31/Ariemon.jpg/120px-Ariemon.jpg
Arkadimon Adult,Arkadimon Champion,Arkadimon Champion,Adult,Champion,Virus,Bewitching Beast,Arkadimon Child,Arkadimon Perfect,https://wikimon.net/images/thumb/b/b6/Arkadimon_adult.jpg/120px-Arkadimon_adult.jpg
Arkadimon Baby,Arcadiamon In-Training,Arcadiamon In-Training,Baby II,Baby II / In-Training / In-Training II,Free,,Digitama,Arkadimon Child,https://wikimon.net/images/thumb/0/07/Arkadimon_baby2.jpeg/120px-Arkadimon_baby2.jpeg
Arkadimon Child,Arcadiamon,Arcadiamon,Child,Rookie,Virus,Bewitching Beast,Arkadimon Baby,Arkadimon Adult,https://wikimon.net/images/thumb/0/09/Arkadimon_child.jpg/120px-Arkadimon_child.jpg
Arkadimon Perfect,Arukadhimon,Arukadhimon,Perfect,Ultimate,Virus,Bewitching Beast,Arkadimon Adult,Arkadimon Ultimate,https://wikimon.net/images/thumb/a/ae/Arkadimon_perfect.jpg/120px-Arkadimon_perfect.jpg
Arkadimon Super Ultimate,Arcadiamon Ultra,Arcadiamon Ultra,Ultimate,Mega,Virus,Bewitching Beast,Arkadimon Ultimate,,https://wikimon.net/images/thumb/e/ed/Arkadimon_superultimate.jpg/120px-Arkadimon_superultimate.jpg
Arkadimon Ultimate,Arcadiamon,Arcadiamon,Ultimate,Mega,Virus,Bewitching Beast,Arkadimon Perfect,Arkadimon Super Ultimate; Demon Super Ultimate,https://wikimon.net/images/thumb/b/b9/Arkadimon_ultimate2.jpg/120px-Arkadimon_ultimate2.jpg
Arkhai Angemon,ArkhaiAngemon,ArkhaiAngemon,Perfect,Ultimate,Vaccine,Principality,,,https://wikimon.net/images/thumb/c/c2/Arkhaiangemon.jpg/120px-Arkhaiangemon.jpg
Arma Lizamon,Armalizamon,Armalizamon,Adult,Champion,Data,Reptile,Gekkomon,Monarch Lizamon,https://wikimon.net/images/thumb/f/f9/Armalizamon.jpg/120px-Armalizamon.jpg
Armadimon,Armadillomon,Armadillomon,Child,Rookie,Free,Mammal,Upamon,Ankylomon; Chamelemon; Digmon; Kenkimon; Pteranomon; Shakkoumon; Submarimon,https://wikimon.net/images/thumb/3/30/Armadimon.jpg/120px-Armadimon.jpg
Armagemon,Armageddemon,Armageddemon,Ultimate,Mega,Virus,Species Unknown,Kuramon,,https://wikimon.net/images/thumb/b/b1/Armagemon.jpg/120px-Armagemon.jpg
Armamon,Armamon,Armamon,Ultimate,Mega,Free,Weapon,,Armamon: Burst Mode,https://wikimon.net/images/thumb/6/6c/Armamon.jpg/120px-Armamon.jpg
Armamon: Burst Mode,Armamon:Burst Mode,Armamon:Burst Mode,Ultimate,Mega,Free,Weapon,Armamon; Barbamon,,https://wikimon.net/images/thumb/1/1b/Armamon_burst.jpg/120px-Armamon_burst.jpg
Arresterdramon,Arresterdramon,Arresterdramon,Adult,Champion,Vaccine,Dragon,Gumdramon,Arresterdramon: Superior Mode; Arresterdramon: Superior Mode (Brave Snatcher); Shoutmon X10; Xros Up Arresterdramon (Astamon); Xros Up Arresterdramon (Blossomon); Xros Up Arresterdramon (Dobermon); Xros Up Arresterdramon (Giga Breakdramon); Xros Up Arresterdramon (Metal Tyranomon); Xros Up Arresterdramon (Orgemon); Xros Up Arresterdramon (Sagomon); Xros Up Arresterdramon (Sparrowmon),https://wikimon.net/images/thumb/d/d1/Arresterdramon.jpg/120px-Arresterdramon.jpg
Arresterdramon: Superior Mode,Arresterdramon: Superior Mode,,,,Free,,Arresterdramon,Arresterdramon: Superior Mode (Brave Snatcher),https://wikimon.net/images/thumb/8/8f/Arresterdramon_superior.png/120px-Arresterdramon_superior.png
Arresterdramon: Superior Mode (Brave Snatcher),Arresterdramon: Superior Mode,Arresterdramon: Superior Mode,Perfect,Ultimate,Vaccine,Dragon,Arresterdramon; Arresterdramon: Superior Mode,,https://wikimon.net/images/thumb/2/23/Arresterdramon_superior_brave_snatcher.jpg/120px-Arresterdramon_superior_brave_snatcher.jpg
Artiomon,Artiomon,Artiomon,Ultimate,Mega,Vaccine,Beast Man,,,https://wikimon.net/images/thumb/4/46/Artiomon.jpg/120px-Artiomon.jpg
Assaultmon,Assaultmon,Assaultmon,Perfect,Ultimate,Virus,Cyborg,,,https://wikimon.net/images/thumb/0/08/Assaultmon.jpg/120px-Assaultmon.jpg
Astamon,Astamon,Astamon,Perfect,Ultimate,Virus,Demon Man,Porcupamon; Psychemon,Belphemon: Rage Mode; Quartzmon; Xros Up Arresterdramon (Astamon); Xros Up Astamon (Cerberumon); Xros Up Astamon (Triceramon),https://wikimon.net/images/thumb/2/24/Astamon.jpg/120px-Astamon.jpg
Asuramon,Asuramon,Asuramon,Perfect,Ultimate,Vaccine,Demon Man,,,https://wikimon.net/images/thumb/2/29/Asuramon.jpg/120px-Asuramon.jpg
Atamadekachimon,Atamadekachimon,Atamadekachimon,Adult,Champion,Data,Dinosaur,Minidekachimon,,https://wikimon.net/images/thumb/4/49/Atamadekachimon.jpg/120px-Atamadekachimon.jpg
Atlur Ballistamon,AtlurBallistamon,AtlurBallistamon,Perfect,Ultimate,Vaccine,Machine,Ballistamon,Shoutmon EX6,https://wikimon.net/images/thumb/7/72/Atlurballistamon.jpg/120px-Atlurballistamon.jpg
Atlur Kabuterimon (Blue),MegaKabuterimon (Blue),MegaKabuterimon (Blue),Perfect,Ultimate,Data,Insect,Kabuterimon,Herakle Kabuterimon; Shoutmon X7: Superior Mode,https://wikimon.net/images/thumb/5/50/Atlurkabuterimon_blue.jpg/120px-Atlurkabuterimon_blue.jpg
Atlur Kabuterimon (Red),MegaKabuterimon (Red),MegaKabuterimon (Red),Perfect,Ultimate,Vaccine,Insect,Kabuterimon,Gran Kuwagamon; Herakle Kabuterimon,https://wikimon.net/images/thumb/6/65/Atlurkabuterimon_red.jpg/120px-Atlurkabuterimon_red.jpg
Atratusmon,Atratusmon,Atratusmon,Ultimate,Mega,Data,Mutation,,Volvemon,https://wikimon.net/images/thumb/8/8a/Atratusmon2.jpg/120px-Atratusmon2.jpg
Avenge Kidmon,AvengeKidmon,AvengeKidmon,Ultimate,Mega,Virus,Dragon Man,,,https://wikimon.net/images/thumb/6/6c/Avengekidmon.jpg/120px-Avengekidmon.jpg
Azhdarmon,Azhdarmon,Azhdarmon,Perfect,Ultimate,Virus,Pterosaur,Rhamphomon,,https://wikimon.net/images/thumb/f/f6/Azhdarmon.jpg/120px-Azhdarmon.jpg
Baalmon,Baalmon,Baalmon,Perfect,Ultimate,Free,Demon Man,,Baalmon (X-Antibody); Beelzebumon (2010 Anime Version),https://wikimon.net/images/thumb/3/3a/Baalmon2.jpg/120px-Baalmon2.jpg
Baalmon (X-Antibody),Baalmon（X antibody）,Baalmon（X antibody）,Perfect,Ultimate,Free,Demon Man,Baalmon,,https://wikimon.net/images/thumb/d/db/Baalmonx2.jpg/120px-Baalmonx2.jpg
Babamon,Babamon,Babamon,Ultimate,Mega,Vaccine,Ancient,Rosemon,Rosemon; Shoutmon X7: Superior Mode,https://wikimon.net/images/thumb/4/46/Babamon.jpg/120px-Babamon.jpg
Baboongamon,Baboongamon,Baboongamon,Adult,Champion,Vaccine,Beast,,,https://wikimon.net/images/thumb/e/e2/Baboongamon.jpg/120px-Baboongamon.jpg
Babydmon,Bebydomon,Bebydomon,Baby II,Baby II / In-Training / In-Training II,Free,Baby Dragon,,,https://wikimon.net/images/thumb/1/17/Babydmon.jpg/120px-Babydmon.jpg
Bacchusmon,Bacchusmon,Bacchusmon,Ultimate,Mega,Virus,God Man,Bacchusmon,Bacchusmon,https://wikimon.net/images/thumb/b/b7/Bacchusmon.jpg/120px-Bacchusmon.jpg
Bacomon,Bakomon,Bakomon,Child,Rookie,Data,Mutation,,,https://wikimon.net/images/thumb/d/d5/Bacomon.jpg/120px-Bacomon.jpg
Bagramon,Bagramon,Bagramon,Ultimate,Mega,Virus,Demon Lord,Bagramon (Archangel Form),Darkness Bagramon,https://wikimon.net/images/thumb/5/52/Bagramon.jpg/120px-Bagramon.jpg
Bagramon (Archangel Form),Bagramon (Archangel Form),,,,,,,Bagramon,https://wikimon.net/images/thumb/0/0b/Bagramon_archangel.jpg/68px-Bagramon_archangel.jpg
Baihumon,Baihumon,Baihumon,Ultimate,Mega,Data,Holy Beast,Loader Leomon,Huanglongmon,https://wikimon.net/images/thumb/d/d7/Baihumon2.jpg/120px-Baihumon2.jpg
Bakemon,Bakemon,Bakemon,Adult,Champion,Virus,Ghost,Candmon; Ghostmon,Fantomon; Metal Fantomon; Shoutmon X7: Superior Mode; Soulmon; Vamdemon,https://wikimon.net/images/thumb/5/5a/Bakemon.jpg/120px-Bakemon.jpg
Bakumon,Tapirmon,Tapirmon,Child,Rookie,Vaccine,Holy Beast,,Megadramon; Monochromon; Mugendramon,https://wikimon.net/images/thumb/e/e4/Bakumon.jpg/120px-Bakumon.jpg
Balli Bastemon,BalliBeastmon,BalliBeastmon,No Level,,,,Ballistamon; Bastemon,,https://wikimon.net/images/thumb/1/19/Ballibastemon.jpg/120px-Ballibastemon.jpg
Ballistamon,Ballistamon,Ballistamon,Adult,Champion,Vaccine,Machine,Dark Volumon,Atlur Ballistamon; Balli Bastemon; Ballistamon MC; Ballistamon SR; Dark Volumon; Rampage Greymon; Shoutmon X10; Shoutmon X2; Shoutmon X2 (Incomplete X3); Shoutmon X3; Shoutmon X4; Shoutmon X4B; Shoutmon X4K; Shoutmon X4S; Shoutmon X5; Shoutmon X5B; Shoutmon X6; Shoutmon X7; Shoutmon X7: Superior Mode; Sparrowmon AB; Xros Up Ballistamon (Revolmon),https://wikimon.net/images/thumb/5/52/Ballistamon.jpg/120px-Ballistamon.jpg
Ballistamon MC,Ballistamon MC,,No Level,,,,Ballistamon,,https://wikimon.net/images/thumb/4/46/Ballistamon_mc.jpg/120px-Ballistamon_mc.jpg
Ballistamon SR,Ballistamon SR,,No Level,,,,Ballistamon,,https://wikimon.net/images/thumb/6/64/Ballistamon_sr.png/70px-Ballistamon_sr.png
Baluchimon,Baluchimon,Baluchimon,Adult,Champion,Data,Holy Beast,,Skull Baluchimon,https://wikimon.net/images/thumb/5/5d/Baluchimon.jpg/120px-Baluchimon.jpg
Bancho Golemon,BanchoGolemon,BanchoGolemon,Ultimate,Mega,Virus,Mineral,,,https://wikimon.net/images/thumb/f/f4/Banchogolemon.jpg/120px-Banchogolemon.jpg
Bancho Leomon,BanchoLeomon,BanchoLeomon,Ultimate,Mega,Vaccine,Beast Man,,Bancho Leomon: Burst Mode; Chaosmon; Chaosmon: Valdur Arm; Ultimate Chaosmon,https://wikimon.net/images/thumb/8/8f/Bancholeomon.jpg/120px-Bancholeomon.jpg
Bancho Leomon: Burst Mode,Bancho Leomon: Burst Mode,,Ultimate,Mega,Vaccine,,Bancho Leomon,,https://wikimon.net/images/thumb/7/76/DS46_Bancholeomon_burst.jpg/120px-DS46_Bancholeomon_burst.jpg
Bancho Lilimon,BanchoLillymon,BanchoLillymon,Ultimate,Mega,Data,Fairy,Lilimon,,https://wikimon.net/images/thumb/b/b9/Bancholilimon.jpg/120px-Bancholilimon.jpg
Bancho Mamemon,BanchoMamemon,BanchoMamemon,Ultimate,Mega,Data,Mutation,,,https://wikimon.net/images/thumb/f/f3/Banchomamemon.jpg/120px-Banchomamemon.jpg
Bancho Stingmon,BanchoStingmon,BanchoStingmon,Ultimate,Mega,Free,Insect,Jewelbeemon; Kunemon,,https://wikimon.net/images/thumb/5/51/Banchostingmon.jpg/120px-Banchostingmon.jpg
Bao Huckmon,BaoHuckmon,BaoHuckmon,Adult,Champion,Data,Dinosaur,Huckmon,JESmon; Savior Huckmon,https://wikimon.net/images/thumb/2/28/Baohuckmon.jpg/120px-Baohuckmon.jpg
Barbamon,Barbamon,Barbamon,Ultimate,Mega,Virus,Demon Lord,,Barbamon (X-Antibody); Ogudomon,https://wikimon.net/images/thumb/a/a4/Barbamon2.jpg/120px-Barbamon2.jpg
Barbamon (X-Antibody),Barbamon (X Antibody),Barbamon (X Antibody),Ultimate,Mega,Virus,Demon Lord,Barbamon,Ogudomon (X-Antibody),https://wikimon.net/images/thumb/2/2d/Barbamonx.jpg/120px-Barbamonx.jpg
Baromon,Baronmon,Baronmon,Armor,Armor,Free,Demon Man,Patamon,,https://wikimon.net/images/thumb/d/d3/Baromon.jpg/120px-Baromon.jpg
Bastemon,Bastemon,Bastemon,Perfect,Ultimate,Virus,Beast Man,,Balli Bastemon; G-Cutemon; Shoutmon X7: Superior Mode,https://wikimon.net/images/thumb/1/1e/Bastemon.jpg/120px-Bastemon.jpg
Batterimon,Batterimon,,No Level,,,,,,https://wikimon.net/images/thumb/5/58/Batterymon.jpg/120px-Batterymon.jpg
Battle Armament Trailmon,Battle Armament Trailmon,,Adult,Champion,Data,Machine,,,https://wikimon.net/images/thumb/9/96/Battle_Armament_Trailmon.png/120px-Battle_Armament_Trailmon.png
Bearcatmon,BearCatmon,BearCatmon,Perfect,Ultimate,Vaccine,Beast Man,Wolvermon,,https://wikimon.net/images/thumb/7/73/Bearcatmon.jpg/120px-Bearcatmon.jpg
Bearmon,Bearmon,Bearmon,Child,Rookie,Vaccine,Beast,Wanyamon,Dukemon; Gryzmon; Shoutmon X7: Superior Mode,https://wikimon.net/images/thumb/8/8f/Bearmon2.jpg/120px-Bearmon2.jpg
Beel Starmon,BeelStarmon,BeelStarmon,Ultimate,Mega,Virus,Demon Man,Black Tailmon,Beel Starmon (X-Antibody),https://wikimon.net/images/thumb/7/74/Beelstarmon.jpg/120px-Beelstarmon.jpg
Beel Starmon (X-Antibody),BeelStarmon (X Antibody),BeelStarmon (X Antibody),Ultimate,Mega,Virus,Demon Man,Beel Starmon,,https://wikimon.net/images/thumb/0/04/Beelstarmonx.jpg/120px-Beelstarmonx.jpg
Beelzebumon,Beelzemon,Beelzemon,Ultimate,Mega,Virus,Demon Lord,Death Meramon; Dracumon; Impmon,Beelzebumon (X-Antibody); Beelzebumon: Blast Mode; Ogudomon; Shoutmon X5B,https://wikimon.net/images/thumb/e/e4/Beelzebumon2.jpg/120px-Beelzebumon2.jpg
Beelzebumon (2010 Anime Version),Beelzemon (2010 Anime Version),Beelzemon (2010 Anime Version),Ultimate,Mega,Virus,Demon Lord,Baalmon,Beelzebumon + Revolmon; Beelzebumon + Starmons; Shoutmon X4B; Shoutmon X5B; Shoutmon X7: Superior Mode; Xros Up Mervamon (Beelzebumon),https://wikimon.net/images/thumb/8/83/Beelzebumon_2010.jpg/120px-Beelzebumon_2010.jpg
Beelzebumon (X-Antibody),Beelzemon (X Antibody),Beelzemon (X Antibody),Ultimate,Mega,Virus,Demon Lord,Beelzebumon; Impmon,Ogudomon (X-Antibody),https://wikimon.net/images/thumb/b/bb/Beelzebumonx2.jpg/120px-Beelzebumonx2.jpg
Beelzebumon: Blast Mode,Beelzemon: Blast Mode,Beelzemon: Blast Mode,Ultimate,Mega,Virus,Demon Lord,Beelzebumon; Impmon,,https://wikimon.net/images/thumb/1/1d/Beelzebumon_blast.jpg/120px-Beelzebumon_blast.jpg
Beelzebumon + Revolmon,Beelzebumon + Revolmon,,No Level,,,,Beelzebumon (2010 Anime Version),,https://wikimon.net/images/thumb/4/41/Beelzebumon_revolmon.png/120px-Beelzebumon_revolmon.png
Beelzebumon + Starmons,Beelzebumon + Starmons,,No Level,,,,Beelzebumon (2010 Anime Version),,https://wikimon.net/images/thumb/0/02/Beelzebumon_starmons.jpg/120px-Beelzebumon_starmons.jpg
Belial Vamdemon,MaloMyotismon,MaloMyotismon,Ultimate,Mega,Virus,Demon Lord,Vamdemon; Venom Vamdemon,,https://wikimon.net/images/thumb/c/ca/Belialvamdemon2.jpg/120px-Belialvamdemon2.jpg
Belphemon (X-Antibody),Belphemon (X Antibody),Belphemon (X Antibody),Ultimate,Mega,Virus,Demon Lord,Belphemon: Rage Mode,Ogudomon (X-Antibody),https://wikimon.net/images/thumb/c/cd/Belphemonx.jpg/120px-Belphemonx.jpg
Belphemon: Rage Mode,Belphemon: Rage Mode,Belphemon: Rage Mode,Ultimate,Mega,Virus,Demon Lord,Astamon; Belphemon: Sleep Mode,Belphemon (X-Antibody); Belphemon: Sleep Mode; Ogudomon,https://wikimon.net/images/thumb/9/93/Belphemon_rage.jpg/120px-Belphemon_rage.jpg
Belphemon: Sleep Mode,Belphemon: Sleep Mode,Belphemon: Sleep Mode,Ultimate,Mega,Virus,Demon Lord,Belphemon: Rage Mode; Digitama,Belphemon: Rage Mode,https://wikimon.net/images/thumb/d/da/Belphemon_sleep2.jpg/120px-Belphemon_sleep2.jpg
BEMmon,Vemmon,Vemmon,Child,Rookie,Free,,Digitama,Destromon; Snatchmon,https://wikimon.net/images/thumb/e/e1/Bemmon.jpg/120px-Bemmon.jpg
Beowolfmon,Beowolfmon,Beowolfmon,Hybrid,Hybrid,Variable,Warrior,Garummon; Wolfmon,Magna Garurumon,https://wikimon.net/images/thumb/9/9b/Beowolfmon.jpg/120px-Beowolfmon.jpg
Berserk Titamon,Titamon (Berserk),Titamon (Berserk),Ultimate,Mega,Virus,God Man,Titamon,,https://wikimon.net/images/thumb/e/ea/Berserk_titamon.jpg/120px-Berserk_titamon.jpg
Beso Bombmon,Beso Bombmon,,(?),,,,,,https://wikimon.net/images/thumb/6/61/Digimon_noimage.jpg/120px-Digimon_noimage.jpg
Betamon,Betamon,Betamon,Child,Rookie,Virus,Amphibian,Koromon,Betamon (X-Antibody); Dinohumon; Seadramon; Shoutmon X7: Superior Mode,https://wikimon.net/images/thumb/7/77/Betamon.jpg/120px-Betamon.jpg
Betamon (X-Antibody),Betamon (X Antibody),Betamon (X Antibody),Child,Rookie,Virus,Aquatic,Betamon,,https://wikimon.net/images/thumb/1/1a/Betamonx3.jpg/120px-Betamonx3.jpg
Betel Gammamon,BetelGammamon,BetelGammamon,Adult,Champion,Vaccine,Dragon Man,Gammamon,Canoweissmon; Kaus Gammamon,https://wikimon.net/images/thumb/4/49/Betelgammamon.jpg/120px-Betelgammamon.jpg
Betsumon,Betsumon,,Perfect,Ultimate,Data,Puppet,,,https://wikimon.net/images/thumb/6/66/Betsumon3.jpg/120px-Betsumon3.jpg
Bibimon,Bibimon,Bibimon,Baby II,Baby II / In-Training / In-Training II,Free,Lesser,Dokimon,Pulsemon,https://wikimon.net/images/thumb/e/ec/Bibimon.jpg/120px-Bibimon.jpg
Big Mamemon,BigMamemon,BigMamemon,Perfect,Ultimate,Data,Mutation,,,https://wikimon.net/images/thumb/6/66/Bigmamemon.jpg/120px-Bigmamemon.jpg
Big Ukkomon,BigUkkomon,BigUkkomon,Ultimate,Mega,Free,Ancient Fairy,Digitama,,https://wikimon.net/images/thumb/5/52/Bigukkomon.jpg/120px-Bigukkomon.jpg
Bio Coatlmon,BioQuetzalmon,BioQuetzalmon,Adult,Champion,Vaccine,Mythical Beast,,,https://wikimon.net/images/thumb/2/25/Biocoatlmon2.jpg/97px-Biocoatlmon2.jpg
Bio Darkdramon,Bio Darkdramon,,Ultimate,Mega,Virus,Cyborg,,,https://wikimon.net/images/thumb/8/84/Biodarkdramon2.jpg/87px-Biodarkdramon2.jpg
Bio Lotusmon,BioRotosmon,BioRotosmon,Ultimate,Mega,Data,Fairy,,,https://wikimon.net/images/thumb/b/b1/Biolotusmon_new_century.png/89px-Biolotusmon_new_century.png
Bio Spinomon,BioSupinomon,BioSupinomon,Ultimate,Mega,Virus,Dinosaur,,,https://wikimon.net/images/thumb/2/25/Biospinomon2.jpg/105px-Biospinomon2.jpg
Bio Stegomon,Bio Stegomon,,Adult,Champion,Data,Stegosaur,,,https://wikimon.net/images/thumb/0/09/Biostegomon2.jpg/120px-Biostegomon2.jpg
Bio Thunderbirmon,BioThunderbirdmon,BioThunderbirdmon,Adult,Champion,Data,Giant Bird,,,https://wikimon.net/images/thumb/5/51/Biothunderbirmon3.jpg/106px-Biothunderbirmon3.jpg
Birdramon,Birdramon,,Adult,Champion,Vaccine,Giant Bird,Piyomon,Garudamon; Hououmon,https://wikimon.net/images/thumb/0/06/Birdramon.jpg/120px-Birdramon.jpg
Bishop Chessmon (Black),Bishop Chessmon (Black),,Perfect,Ultimate,Virus,Puppet,,,https://wikimon.net/images/thumb/7/7b/BishopChessmon_Black.png/120px-BishopChessmon_Black.png
Bishop Chessmon (White),BishopChessmon,BishopChessmon,Perfect,Ultimate,Virus,Puppet,Pawn Chessmon (White),,https://wikimon.net/images/thumb/b/b5/Bishopchessmon_white.jpg/120px-Bishopchessmon_white.jpg
Bitmon,Rabbitmon,Rabbitmon,Armor,Armor,Free,Mammal,,Shoutmon X7: Superior Mode,https://wikimon.net/images/thumb/b/bd/Bitmon.jpg/120px-Bitmon.jpg
Black Galgomon,BlackGargomon,BlackGargomon,Adult,Champion,Vaccine,Beast Man,Galgomon,,https://wikimon.net/images/thumb/1/15/Blackgalgomon.jpg/120px-Blackgalgomon.jpg
Black Gaogamon,BlackGaogamon,BlackGaogamon,Adult,Champion,Data,Beast,Gaomon,Black Mach Gaogamon,https://wikimon.net/images/thumb/1/16/Black_gaogamon.jpg/120px-Black_gaogamon.jpg
Black Growmon,BlackGrowlmon,BlackGrowlmon,Adult,Champion,Virus,Demon Dragon,Black Guilmon; Guilmon,Black Megalo Growmon; Chaos Dukemon,https://wikimon.net/images/thumb/3/35/Blackgrowmon.jpg/120px-Blackgrowmon.jpg
Black Guilmon,Black Guilmon,,Child,Rookie,Virus,Reptile,,Black Growmon,https://wikimon.net/images/thumb/2/2f/Blackguilmon_dbc_2.png/113px-Blackguilmon_dbc_2.png
Black King Numemon,BlackKingNumemon,BlackKingNumemon,Perfect,Ultimate,Virus,Mollusk,Numemon,Platinum Numemon,https://wikimon.net/images/thumb/5/5b/Blackkingnumemon.jpg/120px-Blackkingnumemon.jpg
Black Mach Gaogamon,BlackMachGaogamon,BlackMachGaogamon,Perfect,Ultimate,Data,Cyborg,Black Gaogamon,,https://wikimon.net/images/thumb/4/4a/Blackmachgaogamon.jpg/120px-Blackmachgaogamon.jpg
Black Megalo Growmon,BlackWarGrowlmon,BlackWarGrowlmon,Perfect,Ultimate,Virus,Cyborg,Black Growmon,Chaos Dukemon,https://wikimon.net/images/thumb/b/b4/Blackmegalogrowmon.jpg/120px-Blackmegalogrowmon.jpg
Black Rapidmon,BlackRapidmon,BlackRapidmon,Perfect,Ultimate,Vaccine,Cyborg,Rapidmon Perfect,,https://wikimon.net/images/thumb/b/b2/Blackrapidmon.jpg/120px-Blackrapidmon.jpg
Black Saint Galgomon,BlackMegaGargomon,BlackMegaGargomon,Ultimate,Mega,Vaccine,Machine,,,https://wikimon.net/images/thumb/e/eb/Blacksaintgalgomon.jpg/120px-Blacksaintgalgomon.jpg
Black Seraphimon,BlackSeraphimon,BlackSeraphimon,Ultimate,Mega,Virus,Seraph,Mercuremon; Seraphimon,Demon,https://wikimon.net/images/thumb/f/f5/Blackseraphimon.jpg/120px-Blackseraphimon.jpg
Black Seraphimon (DW3),Black Seraphimon (DW3),,Ultimate,Mega,,,,,https://wikimon.net/images/thumb/0/04/Blackseraphimon_dw3.png/87px-Blackseraphimon_dw3.png
Black Shoutmon X7,Black Shoutmon X7,,No Level,,,Composite,Shoutmon X7,,https://wikimon.net/images/thumb/6/6d/Black_Shoutmon_X7.png/120px-Black_Shoutmon_X7.png
Black Tailmon,BlackGatomon,BlackGatomon,Adult,Champion,Virus,Demon Beast,,Beel Starmon; Black Tailmon Uver.,https://wikimon.net/images/thumb/d/db/Blacktailmon.jpg/120px-Blacktailmon.jpg
Black Tailmon Uver.,BlackGatomon Uver.,BlackGatomon Uver.,Adult,Champion,Virus,Demon Beast,Black Tailmon,,https://wikimon.net/images/thumb/b/b9/Blacktailmon_uver.jpg/120px-Blacktailmon_uver.jpg
Black War Greymon,BlackWarGreymon,BlackWarGreymon,Ultimate,Mega,Virus,Dragon Man,Agumon (Black); Greymon (Blue); Metal Greymon; Metal Greymon (Virus),Black War Greymon (X-Antibody); Omegamon Alter-B; Omegamon Zwart,https://wikimon.net/images/thumb/a/a2/Blackwargreymon.jpg/120px-Blackwargreymon.jpg
Black War Greymon (X-Antibody),BlackWarGreymon (X Antibody),BlackWarGreymon (X Antibody),Ultimate,Mega,Virus,Dragon Man,Black War Greymon,,https://wikimon.net/images/thumb/0/06/Blackwargreymonx.jpg/120px-Blackwargreymonx.jpg
"Black War Greymon: ""G"" Erosion Mode","BlackWarGreymon: ""G"" Invasion Mode","BlackWarGreymon: ""G"" Invasion Mode",Ultimate,Mega,Virus,,,,https://wikimon.net/images/thumb/b/b0/BlackWarGreymon_G_Erosion_Mode.jpg/120px-BlackWarGreymon_G_Erosion_Mode.jpg
Blade Kuwagamon,BladeKuwagamon,BladeKuwagamon,Adult,Champion,Virus,Machine,,,https://wikimon.net/images/thumb/7/74/Bladekuwagamon.jpg/120px-Bladekuwagamon.jpg
Blastmon,Blastmon,,Ultimate,Mega,Vaccine,Mineral,,Dark Knightmon (Blastmon); Gattai Lilithmon; Majuu Lilithmon,https://wikimon.net/images/thumb/e/e7/Blastmon2.jpg/120px-Blastmon2.jpg
Blikmon,Tinmon,Tinmon,Perfect,Ultimate,Data,Machine,,,https://wikimon.net/images/thumb/3/3a/Blikmon_Model_DW2.png/112px-Blikmon_Model_DW2.png
Blimpmon,Blimpmon,Blimpmon,Adult,Champion,Data,Machine,,Master Blimpmon,https://wikimon.net/images/thumb/e/e0/Blimpmon.jpg/120px-Blimpmon.jpg
Blitz Greymon,Blitz Greymon,,Ultimate,Mega,Virus,Cyborg,Agumon; Metal Greymon,Omegamon Alter-S,https://wikimon.net/images/thumb/2/2d/Blitzgreymon.jpg/120px-Blitzgreymon.jpg
Blitzmon,Beetlemon,Beetlemon,Hybrid,Hybrid,Variable,Cyborg,Bolgmon,Ancient Beatmon; Bolgmon; Rhino Kabuterimon,https://wikimon.net/images/thumb/2/2c/Blitzmon.jpg/120px-Blitzmon.jpg
Blizzarmon,Korikakumon,Korikakumon,Hybrid,Hybrid,Variable,Beast,Chackmon,Chackmon,https://wikimon.net/images/thumb/d/d9/Blizzarmon.jpg/120px-Blizzarmon.jpg
Bloom Lordmon,Bloomlordmon,Bloomlordmon,Ultimate,Mega,Vaccine,Fairy,,,https://wikimon.net/images/thumb/3/3e/Bloomlordmon.jpg/120px-Bloomlordmon.jpg
Blossomon,Blossomon,Blossomon,Perfect,Ultimate,Data,Plant,Floramon; Kiwimon; Zassoumon,Xros Up Arresterdramon (Blossomon),https://wikimon.net/images/thumb/8/8a/Blossomon.jpg/120px-Blossomon.jpg
Blucomon,Bulucomon,Bulucomon,Child,Rookie,Data,Small Dragon,,Paledramon,https://wikimon.net/images/thumb/c/c6/Bulucomon.jpg/120px-Bulucomon.jpg
Blue Meramon,BlueMeramon,BlueMeramon,Perfect,Ultimate,Virus,Flame,,,https://wikimon.net/images/thumb/e/e8/Bluemeramon.jpg/120px-Bluemeramon.jpg
Boarmon,Boarmon,Boarmon,Armor,Armor,Free,Mammal,,,https://wikimon.net/images/thumb/5/5d/Boarmon.jpg/120px-Boarmon.jpg
Bokomon,Bokomon,,Child,Rookie,Vaccine,Mutation,,,https://wikimon.net/images/thumb/7/7e/Bokomon.jpg/120px-Bokomon.jpg
Bolgmon,MetalKabuterimon,MetalKabuterimon,Hybrid,Hybrid,Variable,Cyborg,Blitzmon,Blitzmon; Rhino Kabuterimon,https://wikimon.net/images/thumb/b/b9/Bolgmon.jpg/120px-Bolgmon.jpg
Boltmon,Boltmon,Boltmon,Ultimate,Mega,Data,Cyborg,Jyarimon,,https://wikimon.net/images/thumb/0/0f/Boltmon.jpg/120px-Boltmon.jpg
Bomber Nanimon,BomberNanimon,BomberNanimon,Adult,Champion,Virus,Invade,,,https://wikimon.net/images/thumb/4/49/Bombernanimon.jpg/120px-Bombernanimon.jpg
Bombermon,Bombermon,Bombermon,Perfect,Ultimate,Virus,Mutation,,,https://wikimon.net/images/thumb/d/dd/Bombermon.jpg/120px-Bombermon.jpg
Bombmon,Bommon (2010 Anime Version),Bommon (2010 Anime Version),Baby I,Baby I / Fresh / In-Training I,,Slime,,Shoutmon X7: Superior Mode,https://wikimon.net/images/thumb/3/30/Bommon_2010_2.jpg/120px-Bommon_2010_2.jpg
Bommon,Bommon,,Baby I,Baby I / Fresh / In-Training I,Free,Slime,,Commandramon,https://wikimon.net/images/thumb/2/2e/Bommon.jpg/120px-Bommon.jpg
Boogiemon,Boogiemon,Boogiemon,Adult,Champion,Virus,Demon Man,,Phelesmon,https://wikimon.net/images/thumb/e/ed/Boogiemon.jpg/120px-Boogiemon.jpg
Bosamon,Bosamon,Bosamon,Baby II,Baby II / In-Training / In-Training II,Free,Lesser,Pyonmon,Angoramon,https://wikimon.net/images/thumb/9/9b/Bosamon.jpg/120px-Bosamon.jpg
Boutmon,Boutmon,Boutmon,Perfect,Ultimate,Vaccine,Beast Man,Bulkmon; Pulsemon,Kazuchimon,https://wikimon.net/images/thumb/6/6b/Boutmon.jpg/120px-Boutmon.jpg
Botamon,Botamon,Botamon,Baby I,Baby I / Fresh / In-Training I,Free,Slime,Digitama,Airdramon; Koromon; Lady Devimon; Sakuyamon; Wanyamon; Z'd Garurumon,https://wikimon.net/images/thumb/e/ed/Botamon.jpg/120px-Botamon.jpg
Bowmon,Bowmon,Bowmon,Baby II,Baby II / In-Training / In-Training II,Free,Lesser,Fusamon,Loogamon,https://wikimon.net/images/thumb/2/22/Bowmon.jpg/120px-Bowmon.jpg
Brachimon,Brachiomon,Brachiomon,Perfect,Ultimate,Data,Plesiosaur,Ankylomon,Dorbickmon Darkness Mode (Dragon Army),https://wikimon.net/images/thumb/6/68/Brachiomon.jpg/120px-Brachiomon.jpg
Breakdramon,Breakdramon,Breakdramon,Ultimate,Mega,Virus,Machine Dragon,Groundramon,Examon,https://wikimon.net/images/thumb/7/7c/Breakdramon.jpg/120px-Breakdramon.jpg
Brigadramon,Brigadramon,Brigadramon,Ultimate,Mega,Virus,Cyborg,,,https://wikimon.net/images/thumb/5/5d/Brigadramon.jpg/120px-Brigadramon.jpg
Bryweludramon,BryweLudramon,BryweLudramon,Ultimate,Mega,Data,Armor,Raiji Ludomon,Ragna Lordmon,https://wikimon.net/images/thumb/e/e5/Bryweludramon.jpg/120px-Bryweludramon.jpg
Bubbmon,Pabumon,Pabumon,Baby I,Baby I / Fresh / In-Training I,Free,Slime,Digitama,Lady Devimon; Metal Mamemon; Pyocomon; Shoutmon X7: Superior Mode,https://wikimon.net/images/thumb/1/1f/Bubbmon.jpg/120px-Bubbmon.jpg
Budmon,Budmon,Budmon,Baby II,Baby II / In-Training / In-Training II,Free,Plant,Digitama; Yuramon,Agumon; Gomamon; Lalamon; Saber Leomon; Woodmon; Yuki Agumon,https://wikimon.net/images/thumb/f/f9/Budmon.jpg/120px-Budmon.jpg
Bulkmon,Bulkmon,,Adult,Champion,Vaccine,Dragon Man,Pulsemon,Boutmon,https://wikimon.net/images/thumb/f/f0/Bulkmon.jpg/120px-Bulkmon.jpg
Bullmon,Bullmon,Bullmon,Armor,Armor,Free,Mammal,,Deadly Tuwarmon Hell Mode,https://wikimon.net/images/thumb/2/2f/Bullmon.jpg/120px-Bullmon.jpg
Būmon,Oinkmon,Oinkmon,No Level,,,,,,https://wikimon.net/images/2/2e/Buumon.png
Bun,Bun,,Child,Rookie,,,,,https://wikimon.net/images/thumb/e/ea/Bun.png/95px-Bun.png
Buraimon,Buraimon,Buraimon,Adult,Champion,Vaccine,Bird Man,Hyokomon,Butenmon,https://wikimon.net/images/thumb/a/a2/Buraimon.jpg/120px-Buraimon.jpg
Burgamon,Burgamon,Burgamon,Child,Rookie,Vaccine,Food,,Burgamon Adult,https://wikimon.net/images/thumb/9/9e/Burgamon.jpg/120px-Burgamon.jpg
Burgamon Adult,Burgamon,Burgamon,Adult,Champion,Vaccine,Food,Burgamon,,https://wikimon.net/images/thumb/a/a8/Burgamon_adult.jpg/120px-Burgamon_adult.jpg
Burpmon,Burpmon,Burpmon,,,,Mutation,,,https://wikimon.net/images/thumb/b/bf/Burpmon.jpg/120px-Burpmon.jpg
Bushi Agumon,BushiAgumon,BushiAgumon,Child,Rookie,Vaccine,Dinosaur,,,https://wikimon.net/images/thumb/2/2a/Bushiagumon.jpg/120px-Bushiagumon.jpg
Butenmon,Butenmon,Butenmon,Perfect,Ultimate,Vaccine,God Man,Buraimon,Chronomon: Holy Mode,https://wikimon.net/images/thumb/4/44/Butenmon.jpg/120px-Butenmon.jpg
Butterflamon,Butterflymon,Butterflymon,Armor,Armor,Free,Insect,Tailmon,,https://wikimon.net/images/thumb/c/cc/Butterflamon.jpg/120px-Butterflamon.jpg
Calamaramon,Calmaramon,Calmaramon,Hybrid,Hybrid,Variable,Aquatic,Ranamon,Ranamon,https://wikimon.net/images/thumb/f/f6/Calamaramon.jpg/120px-Calamaramon.jpg
Callismon,Callismon,Callismon,Ultimate,Mega,Virus,Demon Beast,Gryzmon,,https://wikimon.net/images/thumb/0/09/Callismon2.jpg/120px-Callismon2.jpg
Candmon,Candlemon,Candlemon,Child,Rookie,Data,Flame,Peti Meramon,Bakemon; Reverse Weddinmon; Shoutmon X7: Superior Mode; Wizarmon; Xros Up Opossummon (Candmon),https://wikimon.net/images/thumb/5/59/Candmon.jpg/120px-Candmon.jpg
Cannonbeemon,CannonBeemon,CannonBeemon,Perfect,Ultimate,Virus,Cyborg,Waspmon,,https://wikimon.net/images/thumb/a/a1/Cannonbeemon.jpg/120px-Cannonbeemon.jpg
Cannonbeemon (Aircraft Carrier),Cannonbeemon (Aircraft Carrier),,Perfect,Ultimate,Virus,Cyborg,,,https://wikimon.net/images/thumb/9/91/Cannonbeemon_aircraft_carrier.jpg/120px-Cannonbeemon_aircraft_carrier.jpg
Cannondramon,Cannondramon,Cannondramon,Ultimate,Mega,Data,Cyborg,,,https://wikimon.net/images/thumb/7/7a/Cannondramon.jpg/120px-Cannondramon.jpg
Canoweissmon,Canoweissmon,,Perfect,Ultimate,Vaccine,Sky Dragon,Betel Gammamon; Gammamon; Kaus Gammamon; Regulusmon; Wezen Gammamon,Regulusmon; Siriusmon,https://wikimon.net/images/thumb/4/4e/Canoweissmon.jpg/120px-Canoweissmon.jpg
Caprimon,Kapurimon,Kapurimon,Baby II,Baby II / In-Training / In-Training II,Free,Lesser,,,https://wikimon.net/images/thumb/3/35/Caprimon.jpg/120px-Caprimon.jpg
Captain Hookmon,CaptainHookmon,CaptainHookmon,Perfect,Ultimate,Vaccine,Marine Man,,,https://wikimon.net/images/thumb/9/94/Captainhookmon.jpg/120px-Captainhookmon.jpg
Cardmon C1,Cardmon C1,,Child,Rookie,,Card,,,https://wikimon.net/images/thumb/2/24/Cardmon_c1.png/120px-Cardmon_c1.png
Cardmon C2,Cardmon C2,,Child,Rookie,,Card,,,https://wikimon.net/images/thumb/f/fb/Cardmon_c2.png/120px-Cardmon_c2.png
Cardmon R1,Cardmon R1,,Perfect,Ultimate,,Card,,,https://wikimon.net/images/thumb/0/04/Cardmon_R1.png/119px-Cardmon_R1.png
Cardmon R2,Cardmon R2,,Perfect,Ultimate,,Card,,,https://wikimon.net/images/thumb/4/43/Cardmon_S2.png/117px-Cardmon_S2.png
Cardmon S1,Cardmon S1,,Ultimate,Mega,,Card,,,https://wikimon.net/images/thumb/7/7d/Cardmon_S1.png/110px-Cardmon_S1.png
Cardmon S2,Cardmon S2,,Ultimate,Mega,,Card,,,https://wikimon.net/images/thumb/1/1a/Cardmon_R2.png/120px-Cardmon_R2.png
Cardmon U1,Cardmon U1,,Adult,Champion,,Card,,,https://wikimon.net/images/thumb/c/c5/Cardmon_U1.png/120px-Cardmon_U1.png
Cardmon U2,Cardmon U2,,Adult,Champion,,Card,,,https://wikimon.net/images/thumb/c/c9/Cardmon_u2.png/120px-Cardmon_u2.png
Cargodramon,Cargodramon,Cargodramon,Perfect,Ultimate,Virus,Machine,,,https://wikimon.net/images/thumb/d/db/Cargodramon.jpg/120px-Cargodramon.jpg
Catch Mamemon,CatchMamemon,CatchMamemon,Perfect,Ultimate,Data,Mutation,Mamemon,,https://wikimon.net/images/thumb/f/f2/Catchmamemon.jpg/120px-Catchmamemon.jpg
Caturamon,Caturamon,Caturamon,Perfect,Ultimate,Data,Holy Beast,,,https://wikimon.net/images/thumb/4/45/Caturamon.jpg/120px-Caturamon.jpg
Cendrillmon,Cendrillmon,Cendrillmon,Ultimate,Mega,Virus,Puppet,Chaperomon,Nyabootmon,https://wikimon.net/images/thumb/4/4c/Cendrillmon.jpg/120px-Cendrillmon.jpg
Centalmon,Centarumon,Centarumon,Adult,Champion,Data,Beast Man,Agumon,Gravimon Darkness Mode; Sagittarimon,https://wikimon.net/images/thumb/3/32/Centalmon.jpg/120px-Centalmon.jpg
Cerberumon,Cerberusmon,Cerberusmon,Perfect,Ultimate,Vaccine,Demon Beast,Gryzmon; Labramon; Siesamon,Anubimon; Cerberumon (X-Antibody); Cerberumon: Werewolf Mode; Gravimon Darkness Mode; Xros Up Astamon (Cerberumon),https://wikimon.net/images/thumb/d/da/Cerberumon.jpg/120px-Cerberumon.jpg
Cerberumon (X-Antibody),Cerberusmon (X Antibody),Cerberusmon (X Antibody),Perfect,Ultimate,Vaccine,Demon Beast,Cerberumon,,https://wikimon.net/images/thumb/0/0d/Cerberumonx.jpg/120px-Cerberumonx.jpg
Cerberumon: Werewolf Mode,Cerberusmon: Werewolf Mode,Cerberusmon: Werewolf Mode,Perfect,Ultimate,Vaccine,Demon Man,Cerberumon,Plutomon,https://wikimon.net/images/thumb/0/0b/Cerberumon_werewolf.jpg/120px-Cerberumon_werewolf.jpg
Ceresmon,Ceresmon,,Ultimate,Mega,Data,God Man,Ceresmon Medium; Sirenmon,Ceresmon Medium,https://wikimon.net/images/thumb/c/c9/Ceresmon.jpg/120px-Ceresmon.jpg
Ceresmon Medium,Ceresmon Medium,,Ultimate,Mega,Data,God Man,Ceresmon; Floramon,Ceresmon,https://wikimon.net/images/thumb/5/55/Ceresmon_medium.jpg/120px-Ceresmon_medium.jpg
Cernumon,Cernumon,Cernumon,Ultimate,Mega,Data,Holy Beast,,,https://wikimon.net/images/thumb/5/52/Cernumon.jpg/120px-Cernumon.jpg
Chackmon,Kumamon,Kumamon,Hybrid,Hybrid,Variable,Beast Man,Blizzarmon,Ancient Megatheriumon; Blizzarmon; Daipenmon,https://wikimon.net/images/thumb/a/ac/Chackmon.jpg/120px-Chackmon.jpg
Chamblemon,Chamblemon,Chamblemon,Adult,Champion,Virus,Plant,,,https://wikimon.net/images/thumb/c/c2/Chamblemon.jpg/120px-Chamblemon.jpg
Chamelemon,Chameleonmon,Chameleonmon,Armor,Armor,Free,Reptile,Armadimon,,https://wikimon.net/images/thumb/c/c9/Chamelemon.jpg/120px-Chamelemon.jpg
Chaosdramon,Chaosdramon,Chaosdramon,Ultimate,Mega,Virus,Machine,Mugendramon,Chaosdramon (X-Antibody),https://wikimon.net/images/thumb/0/07/Chaosdramon.jpg/120px-Chaosdramon.jpg
Chaosdramon (X-Antibody),Chaosdramon (X Antibody),Chaosdramon (X Antibody),Ultimate,Mega,Virus,Machine,Chaosdramon,,https://wikimon.net/images/thumb/9/9c/Chaosdramonx.jpg/120px-Chaosdramonx.jpg
Chaos Dukemon,ChaosGallantmon,ChaosGallantmon,Ultimate,Mega,Virus,Dark Knight,Black Growmon; Black Megalo Growmon; Megidramon,Chaos Dukemon Core; Gallantmon Chaos Mode,https://wikimon.net/images/thumb/f/fa/Chaosdukemon.jpg/120px-Chaosdukemon.jpg
Chaos Dukemon Core,ChaosGallantmon Core,ChaosGallantmon Core,Ultimate,Mega,,Dark Knight,Chaos Dukemon,,https://wikimon.net/images/thumb/e/e9/Spr_DS_CDuke_Core.png/106px-Spr_DS_CDuke_Core.png
Chaos Greymon,ChaosGreymon<br>ChaosBlackWarGreymon<br>C-WarGreymon,ChaosGreymon<br>ChaosBlackWarGreymon<br>C-WarGreymon,Ultimate,Mega,Vaccine,,,,https://wikimon.net/images/thumb/c/c7/Chaos_Greymon.png/99px-Chaos_Greymon.png
Chaos Grimmon,Chaos Grimmon,,Perfect,Ultimate,,,Grimmon,Exo Grimmon,https://wikimon.net/images/thumb/3/3d/Chaosgrimmon_sunburst_moonlight.jpg/120px-Chaosgrimmon_sunburst_moonlight.jpg
Chaos Lord,Chaos Lord,,Ultimate,Mega,Virus,,,,https://wikimon.net/images/thumb/c/c1/Chaos_Lord.png/120px-Chaos_Lord.png
Chaosmon,Chaosmon,Chaosmon,Ultimate,Mega,Vaccine,Unique,Bancho Leomon; Darkdramon,,https://wikimon.net/images/thumb/9/93/Chaosmon.jpg/120px-Chaosmon.jpg
Chaosmon: Valdur Arm,Chaosmon: Valdur Arm,Chaosmon: Valdur Arm,Ultimate,Mega,Vaccine,Unique,Bancho Leomon; Valdurmon,,https://wikimon.net/images/thumb/a/a3/Chaosmon_valdurarm.jpg/120px-Chaosmon_valdurarm.jpg
Chaos Piemon,ChaosPiedmon,ChaosPiedmon,Ultimate,Mega,Virus,,,,https://wikimon.net/images/thumb/a/a0/ChaosPiemon.png/104px-ChaosPiemon.png
Chaos Seadramon,ChaosMetalSeadramon,ChaosMetalSeadramon,Ultimate,Mega,Data,,,,https://wikimon.net/images/thumb/4/4e/ChaosSeadramon.png/107px-ChaosSeadramon.png
Chaperomon,Chaperomon,,Perfect,Ultimate,Virus,Puppet,Shoemon; Shoeshoemon,Cendrillmon; Nyabootmon,https://wikimon.net/images/thumb/3/31/Chaperomon.jpg/120px-Chaperomon.jpg
Chapmon,Chapmon,Chapmon,Baby II,Baby II / In-Training / In-Training II,,Lesser,,,https://wikimon.net/images/thumb/1/1c/Chapmon.jpg/120px-Chapmon.jpg
Cheer Galmon,Cheer Galmon,,Armor,Armor,,,Palmon,,https://wikimon.net/images/thumb/6/61/Digimon_noimage.jpg/120px-Digimon_noimage.jpg
Cherubimon (Vice),Cherubimon (Black),Cherubimon (Black),Ultimate,Mega,Vaccine,Cherub,Andiramon; Cherubimon (Virtue); Lopmon,Cherubimon (Vice) (X-Antibody); Cherubimon (Virtue),https://wikimon.net/images/thumb/1/1c/Cherubimon-vice.jpg/120px-Cherubimon-vice.jpg
Cherubimon (Vice) (X-Antibody),Cherubimon (Black) (X Antibody),Cherubimon (Black) (X Antibody),Ultimate,Mega,Vaccine,Cherub,Cherubimon (Vice); Cherubimon (Virtue) (X-Antibody),Cherubimon (Virtue) (X-Antibody),https://wikimon.net/images/thumb/2/20/Cherubimon_vicex.jpg/120px-Cherubimon_vicex.jpg
Cherubimon (Virtue),Cherubimon (Good),Cherubimon (Good),Ultimate,Mega,Vaccine,Cherub,Andiramon (Deva); Cherubimon (Vice); Lopmon,Cherubimon (Vice); Cherubimon (Virtue) (X-Antibody),https://wikimon.net/images/thumb/4/46/Cherubimon.jpg/120px-Cherubimon.jpg
Cherubimon (Virtue) (X-Antibody),Cherubimon (Good) (X Antibody),Cherubimon (Good) (X Antibody),Ultimate,Mega,Vaccine,Cherub,Cherubimon (Vice) (X-Antibody); Cherubimon (Virtue),Cherubimon (Vice) (X-Antibody),https://wikimon.net/images/thumb/c/cb/Cherubimon_virtuex.jpg/120px-Cherubimon_virtuex.jpg
Chibickmon,Chibickmon,,Baby I,Baby I / Fresh / In-Training I,Free,Slime,,Chibick Sword; Pickmon; Shoutmon SH,https://wikimon.net/images/thumb/3/38/Chibickmon.jpg/120px-Chibickmon.jpg
Chibick Sword,Chibick Sword,,No Level,,,,Chibickmon,,https://wikimon.net/images/thumb/3/3c/Chibick_sword.jpg/120px-Chibick_sword.jpg
Kamemon,Kamemon,Kamemon,Child,Rookie,Data,Cyborg,,G-Cutemon; Gawappamon; Golem Jiji Kamemon; Shoutmon X2 Plus M; Shoutmon X7: Superior Mode; Xros Up Shoutmon (Chibi Kamemon),https://wikimon.net/images/thumb/3/30/Chibikamemon.jpg/120px-Chibikamemon.jpg
Chibi Kiwimon,Chibi Kiwimon,,No Level,,,,,,https://wikimon.net/images/thumb/c/c2/ChibiKiwimon_t.jpg/120px-ChibiKiwimon_t.jpg
Chibimon,DemiVeemon,DemiVeemon,Baby II,Baby II / In-Training / In-Training II,Free,Baby Dragon,Chicomon,V-mon,https://wikimon.net/images/thumb/2/27/Chibimon.jpg/120px-Chibimon.jpg
Chicchimon,Chicchimon,,Baby II,Baby II / In-Training / In-Training II,,Chick,,Hyokomon,https://wikimon.net/images/thumb/7/7f/Chicchimon.jpg/120px-Chicchimon.jpg
Chicomon,Chibomon,Chibomon,Baby I,Baby I / Fresh / In-Training I,Free,Slime,,Chibimon,https://wikimon.net/images/thumb/d/df/Chicomon.jpg/120px-Chicomon.jpg
Chikurimon,Chikurimon,,Child,Rookie,Virus,Mine,,Mad Leomon: Armed Mode,https://wikimon.net/images/thumb/7/78/Chikurimon.jpg/120px-Chikurimon.jpg
Chimairamon,Kimeramon,Kimeramon,Perfect,Ultimate,Data,Composite,Airdramon; Garurumon; Kabuterimon; Kuwagamon; Monochromon; Sephirothmon; Skull Greymon,Millenniumon,https://wikimon.net/images/thumb/1/1e/Chimairamon.jpg/120px-Chimairamon.jpg
Chiropmon,Chiropmon,Chiropmon,Child,Rookie,Virus,Mammal,,Night Chiropmon; Nosferamon; Scourge Chiropmon,https://wikimon.net/images/thumb/9/9e/Chiropmon.jpg/120px-Chiropmon.jpg
Cho·Hakkaimon,Cho-Hakkaimon,Cho-Hakkaimon,Perfect,Ultimate,Data,Puppet,Opossummon,Seiten Gokuwmon; Shakamon,https://wikimon.net/images/thumb/5/52/Chohakkaimon.jpg/120px-Chohakkaimon.jpg
Chocomon,Kokomon,Kokomon,Baby II,Baby II / In-Training / In-Training II,Free,Lesser,Cocomon,Lopmon,https://wikimon.net/images/thumb/3/3a/Chocomon.jpg/120px-Chocomon.jpg
Choromon,Choromon,Choromon,Baby I,Baby I / Fresh / In-Training I,Free,Machine,,Shoutmon X7: Superior Mode,https://wikimon.net/images/thumb/b/bf/Choromon.jpg/120px-Choromon.jpg
Chronomon: Destroy Mode,Chronomon: Destroy Mode,Chronomon: Destroy Mode,Ultimate,Mega,Virus,God Man,Chronomon: Holy Mode,Chronomon: Holy Mode,https://wikimon.net/images/thumb/2/2d/Chronomon_destroy.jpg/120px-Chronomon_destroy.jpg
Chronomon: Holy Mode,Chronomon: Holy Mode,,Ultimate,Mega,Vaccine,God Man,Butenmon; Chronomon: Destroy Mode,Chronomon: Destroy Mode,https://wikimon.net/images/thumb/9/98/Chronomon_holy.jpg/120px-Chronomon_holy.jpg
Chrysalimon,Kurisarimon,Kurisarimon,Adult,Champion,Free,Species Unknown,Keramon,Diablomon; Infermon,https://wikimon.net/images/thumb/c/c5/Chrysalimon.jpg/120px-Chrysalimon.jpg
Citramon,Citramon,Citramon,Adult,Champion,,,,,https://wikimon.net/images/thumb/3/34/Citramon.png/120px-Citramon.png
Clavis Angemon,ClavisAngemon,ClavisAngemon,Ultimate,Mega,Vaccine,Virtue,,,https://wikimon.net/images/thumb/0/03/Clavisangemon.jpg/120px-Clavisangemon.jpg
Clear Agumon,ClearAgumon,ClearAgumon,Child,Rookie,Vaccine,Puppet,,,https://wikimon.net/images/thumb/d/db/Clearagumon.jpg/120px-Clearagumon.jpg
Climbmon,Climbmon,Climbmon,Perfect,Ultimate,Virus,Insect,,,https://wikimon.net/images/thumb/8/85/Climbmon.jpg/120px-Climbmon.jpg
Clockmon,Clockmon,Clockmon,Adult,Champion,Data,Machine,Solarmon,Shoutmon X7: Superior Mode,https://wikimon.net/images/thumb/8/8c/Clockmon.jpg/120px-Clockmon.jpg
Coatlmon,Quetzalmon,Quetzalmon,Armor,Armor,Free,Mythical Beast,Wormmon,,https://wikimon.net/images/thumb/0/04/Coatlmon.jpg/120px-Coatlmon.jpg
Cockatrimon,Kokatorimon,Kokatorimon,Adult,Champion,Data,Giant Bird,Muchomon,Megadramon; Shoutmon X7: Superior Mode,https://wikimon.net/images/thumb/d/d0/Cockatrimon.jpg/120px-Cockatrimon.jpg
Cocomon,Conomon,Conomon,Baby I,Baby I / Fresh / In-Training I,Free,Slime,Digitama,Chocomon; Lopmon; Shoutmon X7: Superior Mode,https://wikimon.net/images/thumb/e/e4/Cocomon.jpg/120px-Cocomon.jpg
Coelamon,Coelamon,Coelamon,Adult,Champion,Data,Ancient Fish,Ganimon,,https://wikimon.net/images/thumb/c/c7/Coelamon.jpg/120px-Coelamon.jpg
Commandramon,Commandramon,Commandramon,Child,Rookie,Virus,Cyborg,Bommon,Hi-Commandramon; Sealsdramon,https://wikimon.net/images/thumb/a/a0/Commandramon.jpg/120px-Commandramon.jpg
Copymon,Copymon,,,,,,,,https://wikimon.net/images/thumb/8/8e/Copymon_pen.png/120px-Copymon_pen.png
Coredramon (Blue),Coredramon (Blue),,Adult,Champion,Vaccine,Dragon,Dracomon,Wingdramon,https://wikimon.net/images/thumb/4/47/Coredramon_blue2.jpg/120px-Coredramon_blue2.jpg
Coredramon (Green),Coredramon (Green),Coredramon (Green),Adult,Champion,Virus,Dragon,Dracomon,Groundramon,https://wikimon.net/images/thumb/7/78/Coredramon_green2.jpg/120px-Coredramon_green2.jpg
Coronamon,Coronamon,Coronamon,Child,Rookie,Vaccine,Beast,Sunmon,Apollomon; Firamon; Shoutmon X7: Superior Mode,https://wikimon.net/images/thumb/8/82/Coronamon.jpg/120px-Coronamon.jpg
Corvumon,Corvumon,,Adult,Champion,,,,,https://wikimon.net/images/thumb/c/ce/Corvumon.jpg/109px-Corvumon.jpg
Cotsucomon,Cotsucomon,,Baby I,Baby I / Fresh / In-Training I,Free,Armor,Digitama,Kakkinmon,https://wikimon.net/images/thumb/0/02/Cotsucomon.jpg/120px-Cotsucomon.jpg
Cougarmon,Cougarmon,Cougarmon,Adult,Champion,Virus,Mammal,Liollmon,Murasamemon,https://wikimon.net/images/thumb/b/bc/Cougarmon.jpg/120px-Cougarmon.jpg
Craniummon,Craniamon,Craniamon,Ultimate,Mega,Vaccine,Holy Knight,,Craniummon + Enbarrmon; Craniummon (X-Antibody),https://wikimon.net/images/thumb/e/eb/Craniummon.jpg/120px-Craniummon.jpg
Craniummon (X-Antibody),Craniamon (X Antibody),Craniamon (X Antibody),Ultimate,Mega,Vaccine,Holy Knight,Craniummon,,https://wikimon.net/images/thumb/6/63/Craniummonx.jpg/120px-Craniummonx.jpg
Craniummon + Enbarrmon,Craniamon + Enbarrmon,Craniamon + Enbarrmon,Ultimate,Mega,Vaccine,Holy Knight,Craniummon; Enbarrmon,,https://wikimon.net/images/thumb/2/2b/Craniummon_enbarrmon.jpg/120px-Craniummon_enbarrmon.jpg
Crescemon,Crescemon,Crescemon,Perfect,Ultimate,Data,Demon Man,Lekismon,Dianamon,https://wikimon.net/images/thumb/6/61/Crescemon.jpg/120px-Crescemon.jpg
Cres Garurumon,Cres Garurumon,,Ultimate,Mega,Data,Beast Knight,Gabumon; Were Garurumon; Were Garurumon: Sagittarius Mode,Omegamon Alter-B; Omegamon Alter-S,https://wikimon.net/images/thumb/7/70/Cresgarurumon.jpg/120px-Cresgarurumon.jpg
Crossmon,Eaglemon,Eaglemon,Ultimate,Mega,Vaccine,Giant Bird,Parrotmon,Gravimon Darkness Mode,https://wikimon.net/images/thumb/f/f0/Crossmon.jpg/120px-Crossmon.jpg
Crys Paledramon,CrysPaledramon,CrysPaledramon,Perfect,Ultimate,Data,Dragon Man,Paledramon,Hexeblaumon,https://wikimon.net/images/thumb/6/69/Cryspaledramon.jpg/120px-Cryspaledramon.jpg
Cthyllamon,Cthyllamon,Cthyllamon,Ultimate,Mega,Virus,Fairy,,,https://wikimon.net/images/thumb/5/58/Cthyllamon.jpg/120px-Cthyllamon.jpg
Culumon,Calumon,Calumon,No Level,,,Species Unknown,,,https://wikimon.net/images/thumb/2/27/Culumon.jpg/120px-Culumon.jpg
Cupimon,Cupimon,Cupimon,Baby II,Baby II / In-Training / In-Training II,,Small Angel,Puttimon,Shoutmon X7: Superior Mode,https://wikimon.net/images/thumb/0/06/Cupimon.jpg/120px-Cupimon.jpg
Curimon,Curimon,Curimon,Baby I,Baby I / Fresh / In-Training I,Free,Slime,Digitama,Gurimon,https://wikimon.net/images/thumb/a/af/Curimon.jpg/120px-Curimon.jpg
Cutemon,Cutemon,Cutemon,Child,Rookie,Vaccine,Fairy,Pyocomon,G-Cutemon; ShouCutemon; Shoutmon X7: Superior Mode,https://wikimon.net/images/thumb/3/3a/Cutemon4.jpg/120px-Cutemon4.jpg
Cyberdramon,Cyberdramon,Cyberdramon,Perfect,Ultimate,Vaccine,Cyborg,Monodramon; Strikedramon; Zeed Millenniumon,Cyberdramon (X-Antibody); Justimon: Blitz Arm; Zeed Millenniumon,https://wikimon.net/images/thumb/8/82/Cyberdramon.jpg/120px-Cyberdramon.jpg
Cyberdramon (2010 Anime Version),Cyberdramon (2010 Anime Version),,Perfect,Ultimate,Vaccine,Alien,,Metal Greymon + Cyber Launcher; Shoutmon X7: Superior Mode,https://wikimon.net/images/thumb/a/af/Cyberdramon_2010.jpg/120px-Cyberdramon_2010.jpg
Cyberdramon (X-Antibody),Cyberdramon (X Antibody),Cyberdramon (X Antibody),Perfect,Ultimate,Vaccine,Cyborg,Cyberdramon,,https://wikimon.net/images/thumb/c/c5/Cyberdramonx.jpg/120px-Cyberdramonx.jpg
Cyclomon,Cyclonemon,Cyclonemon,Adult,Champion,Virus,Dragon Man,,,https://wikimon.net/images/thumb/8/85/Cyclomon.jpg/120px-Cyclomon.jpg
Dagomon,Dragomon,Dragomon,Perfect,Ultimate,Virus,Aquatic Beast Man,,,https://wikimon.net/images/thumb/5/5d/Dagomon.jpg/120px-Dagomon.jpg
Daipenmon,DaiPenmon,DaiPenmon,Hybrid,Hybrid,Variable,Cyborg,Blizzarmon; Chackmon,Ice Devimon Daipenmon Enhancement Absorbent,https://wikimon.net/images/thumb/c/cc/Daipenmon.jpg/120px-Daipenmon.jpg
Dalphomon,Dalphomon,Dalphomon,Ultimate,Mega,Virus,Beast,Maneuvermon,Ex Maquinamon,https://wikimon.net/images/thumb/7/7b/Dalphomon.jpg/120px-Dalphomon.jpg
Damemon,Damemon,Damemon,Adult,Champion,Virus,Mutation,Tuwarmon,Tuwarmon,https://wikimon.net/images/thumb/6/66/Damemon.jpg/120px-Damemon.jpg
Danmon,Danmon,,(?),,,,,,https://wikimon.net/images/thumb/6/61/Digimon_noimage.jpg/120px-Digimon_noimage.jpg
Darcmon,Darcmon,Darcmon,Adult,Champion,Vaccine,Angel,Hippogriffomon; Murmukusmon,Hippogriffomon; Murmukusmon,https://wikimon.net/images/thumb/4/40/Darcmon.jpg/120px-Darcmon.jpg
Darkdramon,Darkdramon,,Ultimate,Mega,Virus,Cyborg,Tankdramon,Chaosmon; Shoutmon X7: Superior Mode; Ultimate Chaosmon,https://wikimon.net/images/thumb/f/f2/Darkdramon.jpg/120px-Darkdramon.jpg
Dark Knightmon,DarkKnightmon,DarkKnightmon,Perfect,Ultimate,Virus,Dark Knight,Deadly Axemon; Skull Knightmon; Tailmon,Dark Knightmon (Duskmon); Dark Knightmon (X-Antibody); Darkness Bagramon; Grey Knightsmon; Muso Knightmon; Super Dark Knightmon,https://wikimon.net/images/thumb/4/4c/Darkknightmon2.jpg/120px-Darkknightmon2.jpg
Dark Knightmon (Bagramon),Darkest AxeKnightmon,Darkest AxeKnightmon,No Level,,Virus,,Bagramon; Dark Knightmon,Darkness Bagramon,https://wikimon.net/images/thumb/1/14/DarkKnightmon_%28Bagramon%29.png/120px-DarkKnightmon_%28Bagramon%29.png
Dark Knightmon (Blastmon),Dark Knightmon (Blastmon),,No Level,,,,Dark Knightmon (Gulfmon),Dark Knightmon (Lilithmon),https://wikimon.net/images/thumb/5/57/Darkknightmon_blastmon.png/114px-Darkknightmon_blastmon.png
Dark Knightmon (Duskmon),Dark Knightmon (Duskmon),,No Level,,,,Dark Knightmon,Dark Knightmon (Gulfmon),https://wikimon.net/images/thumb/1/17/Darkknightmon_duskmon.png/120px-Darkknightmon_duskmon.png
Dark Knightmon (Gulfmon),Dark Knightmon (Gulfmon),,No Level,,,,Dark Knightmon (Duskmon),Dark Knightmon (Blastmon),https://wikimon.net/images/thumb/d/d1/Darkknightmon_gulfmon.jpg/48px-Darkknightmon_gulfmon.jpg
Dark Knightmon (Lilithmon),Dark Knightmon (Lilithmon),,No Level,,,,Dark Knightmon (Blastmon),Zeed Millenniumon,https://wikimon.net/images/thumb/a/a7/Darkknightmon_lilithmon.png/72px-Darkknightmon_lilithmon.png
Dark Knightmon (X-Antibody),DarkKnightmon (X Antibody),DarkKnightmon (X Antibody),Ultimate,Mega,Virus,Dark Knight,Dark Knightmon,,https://wikimon.net/images/thumb/2/2e/Darkknightmonx.jpg/120px-Darkknightmonx.jpg
Dark Lizamon,DarkLizardmon,DarkLizardmon,Adult,Champion,Virus,Evil Dragon,Flare Lizamon,,https://wikimon.net/images/thumb/9/99/Darklizamon.jpg/120px-Darklizamon.jpg
Dark Maildramon,Dark Maildramon,,Adult,Champion,Virus,Cyborg,Maildramon,,https://wikimon.net/images/thumb/6/60/Darkmaildramon.jpg/120px-Darkmaildramon.jpg
Dark Superstarmon,DarkSuperStarmon,DarkSuperStarmon,Perfect,Ultimate,Virus,Mutation,,,https://wikimon.net/images/thumb/7/7c/Darksuperstarmon.jpg/120px-Darksuperstarmon.jpg
Dark Tyranomon,DarkTyrannomon,DarkTyrannomon,Adult,Champion,Virus,Dinosaur,Agumon (Black); Elecmon,Dark Tyranomon (X-Antibody); Metal Tyranomon,https://wikimon.net/images/thumb/8/8b/Darktyranomon.jpg/120px-Darktyranomon.jpg
Dark Tyranomon (X-Antibody),DarkTyrannomon (X Antibody),DarkTyrannomon (X Antibody),Adult,Champion,Virus,Dinosaur,Dark Tyranomon,,https://wikimon.net/images/thumb/f/fe/Darktyranomonx.jpg/120px-Darktyranomonx.jpg
Dark Volumon,Dark Volumon,,No Level,,,Machine,Ballistamon,Ballistamon; Shoutmon X2,https://wikimon.net/images/thumb/a/a5/DarkVolumon.png/120px-DarkVolumon.png
Darkness Bagramon,DarknessBagramon,DarknessBagramon,Ultimate,Mega,Virus,Composite,Bagramon; Dark Knightmon,Mega Darkness Bagramon,https://wikimon.net/images/thumb/7/77/Darknessbagramon.jpg/120px-Darknessbagramon.jpg
Darumamon,Darumamon,Darumamon,Perfect,Ultimate,Vaccine,Mutation,,,https://wikimon.net/images/thumb/5/52/Darumamon.jpg/120px-Darumamon.jpg
Daxiongmaoshou,Daxiongmaoshou,,,,,,,PalaPandashou,https://wikimon.net/images/thumb/5/5e/Pandamon_2004_manhua.png/87px-Pandamon_2004_manhua.png
Daxuerenshou,Daxuerenshou,,,,,,,,https://wikimon.net/images/thumb/2/2f/Bigsnowmon.png/97px-Bigsnowmon.png
Deadly Axemon,DeadlyAxemon,DeadlyAxemon,Adult,Champion,Virus,Demon Beast,,Apollomon Darkness Mode; Dark Knightmon; Deadly Tuwarmon; Deadly Tuwarmon Hell Mode; Grey Knightsmon; Shoutmon X3SD; Skull Knightmon: Cavalier Mode,https://wikimon.net/images/thumb/8/8d/Deadlyaxemon.jpg/120px-Deadlyaxemon.jpg
Deadly Tuwarmon,Ruthless Tuwarmon,Ruthless Tuwarmon,No Level,,,,Tuwarmon,,https://wikimon.net/images/thumb/1/10/Deadly_Tuwarmon.png/120px-Deadly_Tuwarmon.png
Deadly Tuwarmon Hell Mode,Ruthless Tuwarmon Beast Mode,Ruthless Tuwarmon Beast Mode,No Level,,,,Tuwarmon,,https://wikimon.net/images/thumb/5/53/DeadlyTuwarmon_Hell_Mode.png/120px-DeadlyTuwarmon_Hell_Mode.png
Death Airdramon,DesAirdramon,DesAirdramon,No Level,,,Mythical Beast,Deathmon (C'mon Digimon Version),Death Devimon,https://wikimon.net/images/thumb/8/85/CmonDigimon_DeathAirdramon.jpg/97px-CmonDigimon_DeathAirdramon.jpg
Death Devimon,DesDevimon,DesDevimon,,,,,Death Airdramon,Death Tyranomon,https://wikimon.net/images/thumb/6/67/CmonDigimon_DeathDevimon.jpg/120px-CmonDigimon_DeathDevimon.jpg
Death Meramon,SkullMeramon,SkullMeramon,Perfect,Ultimate,Data,Flame,Jyarimon; Meramon,Beelzebumon; Shoutmon X7: Superior Mode,https://wikimon.net/images/thumb/a/ae/Deathmeramon.jpg/120px-Deathmeramon.jpg
Death Meramon (C'mon Digimon Version),DesMeramon,DesMeramon,,,,,Death Metal Greymon,,https://wikimon.net/images/thumb/8/8e/Deathmeramon_cmon.png/115px-Deathmeramon_cmon.png
Death Metal Greymon,DesMetalGreymon,DesMetalGreymon,No Level,,,Cyborg,Death Tyranomon,Death Meramon (C'mon Digimon Version),https://wikimon.net/images/thumb/f/fa/CmonDigimon_DeathMetalGreymon.jpg/107px-CmonDigimon_DeathMetalGreymon.jpg
Death Tyranomon,DesTyrannomon,DesTyrannomon,,,,,Death Devimon,Death Metal Greymon,https://wikimon.net/images/thumb/3/3b/CmonDigimon_DeathTyranomon.jpg/120px-CmonDigimon_DeathTyranomon.jpg
Death-X-DORUgamon,DexDorugamon,DexDorugamon,Adult,Champion,Virus,Undead,Digitama; Ryudamon,,https://wikimon.net/images/thumb/3/3a/Deathxdorugamon.jpg/120px-Deathxdorugamon.jpg
Death-X-DORUgoramon,DexDorugoramon,DexDorugoramon,Ultimate,Mega,Virus,Undead,Death-X-DORUguremon; DORUgoramon,Death-X-mon,https://wikimon.net/images/thumb/4/45/Deathxdorugoramon.jpg/120px-Deathxdorugoramon.jpg
Death-X-DORUguremon,DexDoruGreymon,DexDoruGreymon,Perfect,Ultimate,Virus,Undead,DORUmon,Death-X-DORUgoramon,https://wikimon.net/images/thumb/9/9f/Deathxdoruguremon.jpg/120px-Deathxdoruguremon.jpg
Death-X-mon,DeathXmon,DeathXmon,Ultimate,Mega,Virus,Unanalyzable,Death-X-DORUgoramon; DORUguremon,,https://wikimon.net/images/thumb/c/c1/Deathxmon.jpg/120px-Deathxmon.jpg
Deathmon,Ghoulmon,Ghoulmon,Ultimate,Mega,Data,Demon Lord,Jyureimon; Megadramon; Soundbirdmon,Deathmon (Black),https://wikimon.net/images/thumb/9/92/Deathmon.jpg/120px-Deathmon.jpg
Deathmon (Black),Ghoulmon,Ghoulmon,Ultimate,Mega,Data,Demon Lord,Deathmon,,https://wikimon.net/images/thumb/a/a5/Deathmon_black.jpg/120px-Deathmon_black.jpg
Deathmon (C'mon Digimon Version),Desmon,Desmon,,,,,,Death Airdramon,https://wikimon.net/images/thumb/b/bd/CmonDigimon_Deathmon.jpg/120px-CmonDigimon_Deathmon.jpg
Deckerdramon,Deckerdramon,Deckerdramon,Adult,Champion,Virus,Cyborg,,Deckerdramon Float Mode; Decker Greymon; Shoutmon X7: Superior Mode,https://wikimon.net/images/thumb/a/a1/Deckerdramon.jpg/120px-Deckerdramon.jpg
Deckerdramon Float Mode,Deckerdramon Float Mode,,No Level,,,Cyborg,Deckerdramon,,https://wikimon.net/images/thumb/5/5a/Deckerdramon_float.jpg/120px-Deckerdramon_float.jpg
Decker Greymon,Decker Greymon,,Perfect,Ultimate,Virus,Enhancement,Deckerdramon; Greymon (2010 Anime Version); Metal Greymon (2010 Anime Version),,https://wikimon.net/images/thumb/2/21/Deckergreymon.jpg/120px-Deckergreymon.jpg
Deltamon,Deltamon,Deltamon,Adult,Champion,Virus,Composite,,,https://wikimon.net/images/thumb/9/9b/Deltamon.jpg/120px-Deltamon.jpg
Delumon,Deramon,Deramon,Perfect,Ultimate,Data,Bird,,Shoutmon X7: Superior Mode,https://wikimon.net/images/thumb/5/58/Delumon.jpg/120px-Delumon.jpg
Demon,Creepymon,Creepymon,Ultimate,Mega,Virus,Demon Lord,Black Seraphimon; Seraphimon,Demon (X-Antibody); Demon Super Ultimate; Ogudomon,https://wikimon.net/images/thumb/7/7f/Demon.jpg/120px-Demon.jpg
Demon (X-Antibody),Creepymon (X Antibody),Creepymon (X Antibody),Ultimate,Mega,Virus,Demon Lord,Demon,Ogudomon (X-Antibody),https://wikimon.net/images/thumb/a/ac/Demonx.jpg/120px-Demonx.jpg
Demon Super Ultimate,Demon Super Ultimate,,Ultimate,Mega,Virus,Demon Lord,Demon,,https://wikimon.net/images/thumb/f/f0/Demon_superultimate.jpg/120px-Demon_superultimate.jpg
Depthmon,Depthmon,Depthmon,Armor,Armor,Free,Aquatic Beast Man,,,https://wikimon.net/images/thumb/9/93/Depthmon.jpg/120px-Depthmon.jpg
Destromon,Destromon,Destromon,Perfect,Ultimate,Virus,Cyborg,BEMmon; Snatchmon,Ragnamon,https://wikimon.net/images/thumb/4/49/Destromon.jpg/120px-Destromon.jpg
Devidramon,Devidramon,Devidramon,Adult,Champion,Virus,Evil Dragon,,Megadramon,https://wikimon.net/images/thumb/2/2d/Devidramon.jpg/120px-Devidramon.jpg
Devimon,Devimon,Devimon,Adult,Champion,Virus,Fallen Angel,Pico Devimon; Tukaimon,Ice Devimon; Neo Devimon; Neo Vamdemon Darkness Mode (Vampire Army); Skull Satamon,https://wikimon.net/images/thumb/2/29/Devimon.jpg/120px-Devimon.jpg
Devitamamon,Devitamamon,Devitamamon,Ultimate,Mega,Data,Mutation,Digitamamon,,https://wikimon.net/images/thumb/f/f8/Devitamamon.jpg/120px-Devitamamon.jpg
Diablomon,Diaboromon,Diaboromon,Ultimate,Mega,Virus,Species Unknown,Chrysalimon; Infermon; Keramon; Kuramon,Diablomon (X-Antibody); Quartzmon,https://wikimon.net/images/thumb/9/95/Diablomon.jpg/120px-Diablomon.jpg
Diablomon (X-Antibody),Diaboromon (X Antibody),Diaboromon (X Antibody),Ultimate,Mega,Free,Species Unknown,Diablomon; Keramon (X-Antibody),Ogudomon (X-Antibody),https://wikimon.net/images/thumb/1/18/Diablomonx.jpg/120px-Diablomonx.jpg
Dianamon,Dianamon,Dianamon,Ultimate,Mega,Data,God Man,Crescemon; Lunamon,Grace Novamon,https://wikimon.net/images/thumb/a/a2/Dianamon.jpg/120px-Dianamon.jpg
Diarbbitmon,Diarbbitmon,Diarbbitmon,Ultimate,Mega,Vaccine,Beast Knight,Lamortmon,,https://wikimon.net/images/thumb/b/b2/Diarbbitmon.jpg/120px-Diarbbitmon.jpg
Diatrymon,Diatrymon,Diatrymon,Adult,Champion,Vaccine,Ancient Bird,Falcomon,,https://wikimon.net/images/thumb/c/c0/Diatrymon.jpg/120px-Diatrymon.jpg
Digimon Slingshot,Digi-Slingshot,Digi-Slingshot,No Level,,,,Pickmon,,https://wikimon.net/images/thumb/0/06/Digimon_slingshot.png/120px-Digimon_slingshot.png
Digitamamon,Digitamamon,Digitamamon,Perfect,Ultimate,Data,Perfect,Orgemon,Devitamamon; Minervamon; Shoutmon X7: Superior Mode; Titamon,https://wikimon.net/images/thumb/9/93/Digitamamon.jpg/120px-Digitamamon.jpg
Digmon,Digmon,Digmon,Armor,Armor,Free,Insect,Armadimon; Drimogemon,,https://wikimon.net/images/thumb/5/58/Digmon.jpg/120px-Digmon.jpg
Dijiangmon,Dijiangmon,Dijiangmon,Ultimate,Mega,Virus,Mutation,Digitama,,https://wikimon.net/images/thumb/9/90/Dijiangmon.jpg/120px-Dijiangmon.jpg
Dimetromon,Dimetromon,Dimetromon,Adult,Champion,Virus,Reptile,Elizamon,Lamiamon,https://wikimon.net/images/thumb/3/3e/Dimetromon.jpg/120px-Dimetromon.jpg
Dinobeemon,Dinobeemon,Dinobeemon,Perfect,Ultimate,Free,Mutation,Lighdramon; Stingmon; XV-mon,Gran Kuwagamon; Imperialdramon: Dragon Mode,https://wikimon.net/images/thumb/5/50/Dinobeemon.jpg/120px-Dinobeemon.jpg
Dinohumon,Dinohyumon,Dinohyumon,Adult,Champion,Data,Dragon Man,Betamon,,https://wikimon.net/images/thumb/3/3a/Dinohumon.jpg/120px-Dinohumon.jpg
Dinomon,Dinomon,Dinomon,Ultimate,Mega,Vaccine,Dinosaur,Agumon; Master Tyranomon,,https://wikimon.net/images/thumb/8/8e/Dinomon.jpg/120px-Dinomon.jpg
Dinorexmon,Dinorexmon,Dinorexmon,Ultimate,Mega,Data,Dinosaur,Agumon,,https://wikimon.net/images/thumb/2/25/Dinorexmon.jpg/120px-Dinorexmon.jpg
Dinotigermon,Dinotigermon,,Ultimate,Mega,Data,Ancient Beast,Saber Leomon,,https://wikimon.net/images/thumb/3/34/Dinotigermon.jpg/120px-Dinotigermon.jpg
Divemon,Divemon,Divemon,Perfect,Ultimate,Data,Aquatic,,,https://wikimon.net/images/thumb/d/dd/Divemon.jpg/120px-Divemon.jpg
Dobermon,Dobermon,Dobermon,Adult,Champion,Vaccine,Demon Beast,Labramon,Deadly Tuwarmon Hell Mode; Dobermon (X-Antibody); Sethmon Wild Mode; Xros Up Arresterdramon (Dobermon),https://wikimon.net/images/thumb/c/cf/Dobermon.jpg/120px-Dobermon.jpg
Dobermon (X-Antibody),Dobermon (X Antibody),Dobermon (X Antibody),Adult,Champion,Virus,Demon Beast,Dobermon,,https://wikimon.net/images/thumb/b/b6/Dobermonx.jpg/120px-Dobermonx.jpg
Dodomon,Dodomon,Dodomon,Baby I,Baby I / Fresh / In-Training I,Free,Slime,,Dorimon; Gaomon; Master Tyranomon; Megalo Growmon (Orange); Wanyamon,https://wikimon.net/images/thumb/0/02/Dodomon.jpg/120px-Dodomon.jpg
Dogmon,Doggymon,Doggymon,Adult,Champion,Data,Puppet,,Raremon; Shoutmon X7: Superior Mode,https://wikimon.net/images/thumb/6/6c/Dogmon.jpg/120px-Dogmon.jpg
Dokimon,Dokimon,Dokimon,Baby I,Baby I / Fresh / In-Training I,Free,Slime,Digitama,Bibimon,https://wikimon.net/images/thumb/8/82/Dokimon.jpg/120px-Dokimon.jpg
Dokugumon,Dokugumon,,Adult,Champion,Virus,Insect,Kodokugumon Baby,,https://wikimon.net/images/thumb/9/9e/Dokugumon.jpg/120px-Dokugumon.jpg
Dokunemon,DoKunemon,DoKunemon,Child,Rookie,Virus,Larva,,,https://wikimon.net/images/thumb/e/e1/Dokunemon.jpg/120px-Dokunemon.jpg
Dominimon,Dominimon,Dominimon,Ultimate,Mega,Vaccine,Dominion,Holy Angemon,,https://wikimon.net/images/thumb/8/8b/Dominimon.jpg/120px-Dominimon.jpg
Dondokomon,Dondokomon,,Child,Rookie,Vaccine,Musical Instrument,,Don Shoutmon; G-Cutemon; Shoutmon X7: Superior Mode,https://wikimon.net/images/thumb/1/17/Dondokomon.jpg/120px-Dondokomon.jpg
Don Shoutmon,DonShoutmon,DonShoutmon,Adult,Champion,Data,Enhancement,Shoutmon,,https://wikimon.net/images/thumb/e/ea/Donshoutmon.jpg/120px-Donshoutmon.jpg
Done Devimon,DoneDevimon,DoneDevimon,Ultimate,Mega,Virus,Fallen Angel,Neo Devimon,,https://wikimon.net/images/thumb/1/10/Donedevimon.jpg/120px-Donedevimon.jpg
Dorbickmon,Dorbickmon,Dorbickmon,Ultimate,Mega,Virus,Dragon Man,,Dorbickmon Darkness Mode (Huanglongmon); Grand Generamon; Grand Generamon,https://wikimon.net/images/thumb/6/6b/Dorbickmon.jpg/120px-Dorbickmon.jpg
Dorbickmon Darkness Mode (Dragon Army),Dorbickmon Darkness Mode Two,Dorbickmon Darkness Mode Two,No Level,,,,Dorbickmon Darkness Mode (Huanglongmon),,https://wikimon.net/images/thumb/3/3c/Dorbickmon_Darkness_Dragon_Army.png/120px-Dorbickmon_Darkness_Dragon_Army.png
Dorbickmon Darkness Mode (Flare Lizamon),Dorbickmon Darkness Mode (Flare Lizamon),,No Level,,,,Dorbickmon Darkness Mode (Huanglongmon),,https://wikimon.net/images/thumb/1/19/Dorbickmon_darkness_flarelizarmon.png/86px-Dorbickmon_darkness_flarelizarmon.png
Dorbickmon Darkness Mode (Huanglongmon),Dorbickmon Darkness Mode One,Dorbickmon Darkness Mode One,No Level,,,Dragon Man,Dorbickmon,Dorbickmon Darkness Mode (Flare Lizamon); Dorbickmon Darkness Mode (Dragon Army),https://wikimon.net/images/thumb/d/d0/Dorbickmon_Darkness_Mode.png/120px-Dorbickmon_Darkness_Mode.png
Dorimon,Dorimon,Dorimon,Baby II,Baby II / In-Training / In-Training II,Free,Lesser,Dodomon,DORUmon; Grademon,https://wikimon.net/images/thumb/f/f0/Dorimon.jpg/120px-Dorimon.jpg
DORUgamon,Dorugamon,Dorugamon,Adult,Champion,Data,Beast Dragon,DORUmon,DORUguremon,https://wikimon.net/images/thumb/e/e3/Dorugamon.jpg/120px-Dorugamon.jpg
DORUgoramon,Dorugoramon,Dorugoramon,Ultimate,Mega,Data,Beast Dragon,DORUguremon; DORUmon,Death-X-DORUgoramon,https://wikimon.net/images/thumb/6/63/Dorugoramon.jpg/120px-Dorugoramon.jpg
DORUguremon,DoruGreymon,DoruGreymon,Perfect,Ultimate,Data,Beast Dragon,DORUgamon; DORUmon,Alphamon; Death-X-mon; DORUgoramon; Gaioumon; Gaioumon: Itto Mode,https://wikimon.net/images/thumb/a/a6/Doruguremon.jpg/120px-Doruguremon.jpg
Dorulumon,Dorulumon,,Adult,Champion,Virus,Beast,,Ballistamon SR; Dorulumon + Starmons; Rampage Greymon; Shoutmon + Dorulu Cannon; Shoutmon X10; Shoutmon X3; Shoutmon X4; Shoutmon X4B; Shoutmon X4K; Shoutmon X4S; Shoutmon X5; Shoutmon X5B; Shoutmon X6; Shoutmon X7; Shoutmon X7: Superior Mode; Xros Up Dorulumon (Pawn Chessmon (White)); Xros Up Omega Shoutmon (Dorulumon); Yaeger Dorulumon,https://wikimon.net/images/thumb/6/6a/Dorulumon.jpg/120px-Dorulumon.jpg
Dorulumon + Starmons,Dorulumon + Starmons,,No Level,,,,Dorulumon,,https://wikimon.net/images/thumb/a/a3/Dorulumon_starmons.png/120px-Dorulumon_starmons.png
DORUmon,Dorumon,Dorumon,Child,Rookie,Data,Beast,Dorimon,Alphamon; Death-X-DORUguremon; DORUgamon; DORUgoramon; DORUguremon; Gaioumon; Gaioumon: Itto Mode; Raptordramon,https://wikimon.net/images/thumb/1/17/Dorumon.jpg/120px-Dorumon.jpg
Dot Agumon,Dot Agumon,,Child,Rookie,Vaccine,Dinosaur,,,https://wikimon.net/images/6/6c/Spr_DS_Agu_Dot.png
Dot Falcomon,Dot Falcomon,,Child,Rookie,Vaccine,Bird,,,https://wikimon.net/images/7/78/Spr_DS_Falco_Dot.png
Dot Gaomon,Dot-Gaomon,Dot-Gaomon,Child,Rookie,Data,Beast,,,https://wikimon.net/images/thumb/7/7f/Dotgaomon_ds_mini_figure.jpg/120px-Dotgaomon_ds_mini_figure.jpg
Dot Kamemon,Dot Kamemon,,Child,Rookie,Data,Cyborg,,,https://wikimon.net/images/thumb/2/27/DotKamemon.jpg/107px-DotKamemon.jpg
Dot Kudamon,Dot Kudamon,,Child,Rookie,Vaccine,Holy Beast,,,https://wikimon.net/images/thumb/4/4a/DotKudamon.jpg/85px-DotKudamon.jpg
Dot Lalamon,Dot Lalamon,,Child,Rookie,Data,Plant,,,https://wikimon.net/images/thumb/3/3d/DotLalamon.jpg/120px-DotLalamon.jpg
Dot Mirage Gaogamon,Dot Mirage Gaogamon,,Ultimate,Mega,Data,Beast Knight,,,https://wikimon.net/images/4/46/Dotmiragegaogamon_battle_dssm.png
Dot Shine Greymon,Dot Shine Greymon,,Ultimate,Mega,Vaccine,Light Dragon,,,https://wikimon.net/images/a/ac/Dotshinegreymon_battle_dssm.png
Doumon,Doumon,Doumon,Perfect,Ultimate,Data,Demon Man,Youkomon,Kuzuhamon,https://wikimon.net/images/thumb/e/ec/Doumon2.jpg/120px-Doumon2.jpg
Dracomon,Dracomon,Dracomon,Child,Rookie,Data,Dragon,,Coredramon (Blue); Coredramon (Green); Dracomon + Cyberdramon; Dracomon (X-Antibody); Shoutmon X7: Superior Mode,https://wikimon.net/images/thumb/7/71/Dracomon.jpg/120px-Dracomon.jpg
Dracomon (X-Antibody),Dracomon (X Antibody),Dracomon (X Antibody),Child,Rookie,Data,Dragon,Dracomon,,https://wikimon.net/images/thumb/9/98/Dracomonx.jpg/120px-Dracomonx.jpg
Dracomon + Cyberdramon,CyberDracomon,CyberDracomon,No Level,,,,Cyberdramon (2010 Anime Version); Dracomon,,https://wikimon.net/images/thumb/9/92/Dracomon_%2B_Cyberdramon_anime2.png/120px-Dracomon_%2B_Cyberdramon_anime2.png
Dracumon,Dracmon,Dracmon,Child,Rookie,Virus,Undead,,Beelzebumon; Grand Dracumon; Sangloupmon; Vamdemon; Yaksamon,https://wikimon.net/images/thumb/0/08/Dracumon.jpg/120px-Dracumon.jpg
Drimogemon,Drimogemon,,Adult,Champion,Data,Beast,,Digmon,https://wikimon.net/images/thumb/a/ad/Drimogemon.jpg/120px-Drimogemon.jpg
Duftmon,Leopardmon,Leopardmon,Ultimate,Mega,Data,Holy Knight,Duftmon: Leopard Mode; Knightmon,Duftmon (X-Antibody); Duftmon: Leopard Mode,https://wikimon.net/images/thumb/5/56/Duftmon.jpg/120px-Duftmon.jpg
Duftmon (X-Antibody),Leopardmon (X Antibody),Leopardmon (X Antibody),Ultimate,Mega,Data,Holy Knight,Duftmon,,https://wikimon.net/images/thumb/e/e5/Duftmonx.jpg/120px-Duftmonx.jpg
Duftmon: Leopard Mode,Leopardmon: Leopard Mode,Leopardmon: Leopard Mode,Ultimate,Mega,Data,Holy Knight,Duftmon,Duftmon,https://wikimon.net/images/thumb/d/d4/Duftmon_leopard.jpg/120px-Duftmon_leopard.jpg
Dukemon,Gallantmon,Gallantmon,Ultimate,Mega,Virus,Holy Knight,Bearmon; Growmon; Guilmon; Megalo Growmon,Dukemon (X-Antibody); Dukemon: Crimson Mode; Medieval Dukemon,https://wikimon.net/images/thumb/4/4d/Dukemon.jpg/120px-Dukemon.jpg
Dukemon (X-Antibody),Gallantmon (X Antibody),Gallantmon (X Antibody),Ultimate,Mega,Virus,Holy Knight,Dukemon; Medieval Dukemon,,https://wikimon.net/images/thumb/3/3e/Dukemonx.jpg/120px-Dukemonx.jpg
Dukemon: Crimson Mode,Gallantmon: Crimson Mode,Gallantmon: Crimson Mode,Ultimate,Mega,Virus,Holy Knight,Dukemon; Guilmon,,https://wikimon.net/images/thumb/5/50/Dukemon_crimson2.jpg/120px-Dukemon_crimson2.jpg
Dullahamon,Dullahamon,,Ultimate,Mega,Data,Ghost,Fantomon; Necromon,,https://wikimon.net/images/thumb/4/44/Dullahamon.jpg/120px-Dullahamon.jpg
Duramon,Duramon,,Perfect,Ultimate,Vaccine,Weapon,Zubaeagermon,Durandamon,https://wikimon.net/images/thumb/a/a1/Duramon.jpg/120px-Duramon.jpg
Durandamon,Durandamon,,Ultimate,Mega,Vaccine,Holy Sword,Duramon,Ragna Lordmon,https://wikimon.net/images/thumb/5/58/Durandamon.jpg/120px-Durandamon.jpg
Duskmon,Duskmon,,Hybrid,Hybrid,Variable,Demon Man,Löwemon; Velgrmon,Dark Knightmon (Duskmon); Löwemon; Velgrmon,https://wikimon.net/images/thumb/3/3b/Duskmon.jpg/120px-Duskmon.jpg
Dynasmon,Dynasmon,Dynasmon,Ultimate,Mega,Data,Holy Knight,,Dynasmon (X-Antibody),https://wikimon.net/images/thumb/6/69/Dynasmon.jpg/120px-Dynasmon.jpg
Dynasmon (X-Antibody),Dynasmon (X Antibody),Dynasmon (X Antibody),Ultimate,Mega,Data,Holy Knight,Dynasmon,,https://wikimon.net/images/thumb/a/af/Dynasmonx.jpg/120px-Dynasmonx.jpg
Earthdramon,Earthdramon,,Adult,Champion,,,,,https://wikimon.net/images/thumb/6/61/Digimon_noimage.jpg/120px-Digimon_noimage.jpg
EBEmon,EBEmon,,Ultimate,Mega,Virus,Cyborg,Vademon,EBEmon (X-Antibody),https://wikimon.net/images/thumb/e/e6/Ebemon.jpg/120px-Ebemon.jpg
EBEmon (X-Antibody),Ebemon (X Antibody),Ebemon (X Antibody),Ultimate,Mega,Virus,Cyborg,EBEmon,,https://wikimon.net/images/thumb/a/a3/Ebemonx.jpg/120px-Ebemonx.jpg
Ebi Burgamon,EbiBurgamon,EbiBurgamon,Child,Rookie,Data,Food,,,https://wikimon.net/images/thumb/d/d8/Ebiburgamon.jpg/120px-Ebiburgamon.jpg
Ebidramon,Ebidramon,Ebidramon,Adult,Champion,Data,Aquatic,Shakomon,Gusokumon; Hangyomon,https://wikimon.net/images/thumb/c/c4/Ebidramon.jpg/120px-Ebidramon.jpg
Ekakimon,Ekakimon,,Child,Rookie,Data,Mutation,,,https://wikimon.net/images/thumb/c/c8/Ekakimon.jpg/120px-Ekakimon.jpg
El Doradimon,Eldradimon,Eldradimon,Ultimate,Mega,Data,Mutation,,,https://wikimon.net/images/thumb/c/cb/Eldoradimon.jpg/120px-Eldoradimon.jpg
Elecmon,Elecmon,Elecmon,Child,Rookie,Data,Mammal,Tunomon; Wanyamon,Aegiomon; Dark Tyranomon; Garurumon (Black); Grappu Leomon; Leomon; Raremon; Runnermon; Shoutmon X7: Superior Mode,https://wikimon.net/images/thumb/d/dc/Elecmon.jpg/120px-Elecmon.jpg
Elecmon (Violet),Vi-Elecmon,Vi-Elecmon,Child,Rookie,Virus,Mammal,,Thunderballmon,https://wikimon.net/images/thumb/2/26/Elecmon_violet.jpg/120px-Elecmon_violet.jpg
Elephamon,Elephantmon,Elephantmon,Armor,Armor,Free,Cyborg,,,https://wikimon.net/images/thumb/7/7c/Elephamon.jpg/120px-Elephamon.jpg
Elizamon,Elizamon,Elizamon,Child,Rookie,Virus,Reptile,,Dimetromon; Medusamon,https://wikimon.net/images/thumb/e/e2/Elizamon.jpg/120px-Elizamon.jpg
Enbarrmon,Enbarrmon,,Perfect,Ultimate,Data,Undead,,Craniummon + Enbarrmon,https://wikimon.net/images/thumb/5/58/Enbarrmon.jpg/120px-Enbarrmon.jpg
Enmamon,Enmamon,Enmamon,Ultimate,Mega,Virus,Demon Lord,,,https://wikimon.net/images/thumb/7/71/Enmamon.jpg/120px-Enmamon.jpg
Entmon,Entmon,,Perfect,Ultimate,Virus,Plant,,,https://wikimon.net/images/thumb/1/1c/Entmon.jpg/120px-Entmon.jpg
Eosmon (Adult),Eosmon,Eosmon,Adult,Champion,Free,Species Unknown,Morphomon,Eosmon (Perfect),https://wikimon.net/images/thumb/8/8a/Eosmon_adult.jpg/120px-Eosmon_adult.jpg
Eosmon (Perfect),Eosmon,Eosmon,Perfect,Ultimate,Free,,Eosmon (Adult),Eosmon (Ultimate),https://wikimon.net/images/thumb/a/ae/Eosmon_perfect.jpg/120px-Eosmon_perfect.jpg
Eosmon (Ultimate),Eosmon,Eosmon,Ultimate,Mega,Data,,Eosmon (Perfect),,https://wikimon.net/images/thumb/7/70/Eosmon_ultimate.jpg/120px-Eosmon_ultimate.jpg
Erlangmon,Erlangmon,Erlangmon,Ultimate,Mega,Vaccine,God Man,,Erlangmon: Blast Mode,https://wikimon.net/images/thumb/f/f5/Erlangmon.jpg/120px-Erlangmon.jpg
Erlangmon: Blast Mode,Erlangmon: Blast Mode,,Ultimate,Mega,Vaccine,God Man,Erlangmon,,https://wikimon.net/images/thumb/9/9a/Erlangmon_blast.jpg/120px-Erlangmon_blast.jpg
Espimon,Espimon,,Child,Rookie,Virus,Cyborg,,Hover Espimon,https://wikimon.net/images/thumb/0/00/Espimon.jpg/120px-Espimon.jpg
Etemon,Etemon,Etemon,Perfect,Ultimate,Virus,Puppet,Scumon,Etemon Chaos; King Etemon; Metal Etemon; Shoutmon X7: Superior Mode,https://wikimon.net/images/thumb/c/c4/Etemon.jpg/120px-Etemon.jpg
Etemon Chaos,Etemon Chaos,,,,,,Etemon,Metal Etemon,https://wikimon.net/images/thumb/c/c9/Etemonchaos.jpg/120px-Etemonchaos.jpg
Evilmon,Vilemon,Vilemon,Adult,Champion,Virus,Small Devil,,Apocalymon; Gattai Lilithmon,https://wikimon.net/images/thumb/e/e8/Evilmon.jpg/120px-Evilmon.jpg
Ex Maquinamon,Ex Maquinamon,,Ultimate,Mega,Data,Unique,Dalphomon; Metatromon,,https://wikimon.net/images/thumb/2/21/Exmaquinamon.jpg/120px-Exmaquinamon.jpg
Ex-Tyranomon,ExTyrannomon,ExTyrannomon,Perfect,Ultimate,Vaccine,Puppet,,,https://wikimon.net/images/thumb/5/5b/Extyranomon.jpg/120px-Extyranomon.jpg
Examon,Examon,,Ultimate,Mega,Data,Holy Knight,Breakdramon; Slayerdramon,Examon (X-Antibody); Shoutmon X7: Superior Mode,https://wikimon.net/images/thumb/9/93/Examon.jpg/120px-Examon.jpg
Examon (X-Antibody),Examon (X Antibody),Examon (X Antibody),Ultimate,Mega,Data,Holy Knight,Examon,,https://wikimon.net/images/thumb/d/d1/Examonx.jpg/120px-Examonx.jpg
Exermon,Exermon,Exermon,Adult,Champion,Data,Insect,,,https://wikimon.net/images/thumb/c/c8/Exermon.jpg/120px-Exermon.jpg
Exo Grimmon,Exo Grimmon,,Ultimate,Mega,,,Chaos Grimmon,,https://wikimon.net/images/thumb/2/26/Exogrimmon_sunburst_moonlight.jpg/119px-Exogrimmon_sunburst_moonlight.jpg
Eyesmon,Eyesmon,,Adult,Champion,Virus,Demon Dragon,Eyesmon: Scatter Mode,Orochimon,https://wikimon.net/images/thumb/2/22/Eyesmon.jpg/120px-Eyesmon.jpg
Eyesmon: Scatter Mode,Eyesmon: Scatter Mode,,Adult,Champion,Virus,Demon Dragon,Digitama,Eyesmon,https://wikimon.net/images/thumb/1/10/Eyesmon_scatter.jpg/120px-Eyesmon_scatter.jpg
Fairimon,Kazemon,Kazemon,Hybrid,Hybrid,Variable,Fairy,Tinkermon,Ancient Irismon; Jet Silphymon; Shutumon,https://wikimon.net/images/thumb/a/a5/Fairimon.jpg/120px-Fairimon.jpg
Falcomon,Falcomon,Falcomon,Child,Rookie,Vaccine,Bird,,Diatrymon; Valdurmon; Yatagaramon,https://wikimon.net/images/thumb/8/8d/Falcomon.jpg/120px-Falcomon.jpg
Falcomon (2006 Anime Version),Falcomon (2006 Anime Version),,Child,Rookie,Vaccine,Bird,,Peckmon; Ravmon,https://wikimon.net/images/thumb/d/d6/Falcomon2006.jpg/120px-Falcomon2006.jpg
Fangmon,Fangmon,,Adult,Champion,Data,Demon Beast,Hyemon,,https://wikimon.net/images/thumb/0/0d/Fangmon.jpg/120px-Fangmon.jpg
Fantomon,Phantomon,Phantomon,Perfect,Ultimate,Virus,Ghost,Bakemon; Soulmon,Dullahamon; Metal Fantomon; Necromon,https://wikimon.net/images/thumb/5/56/Fantomon.jpg/120px-Fantomon.jpg
Fenriloogamon,Fenriloogamon,,Ultimate,Mega,Virus,Demon Beast,Soloogarmon,Fenriloogamon: Takemikazuchi,https://wikimon.net/images/thumb/f/fc/Fenriloogamon.jpg/120px-Fenriloogamon.jpg
Fenriloogamon: Takemikazuchi,Fenriloogamon: Takemikazuchi,,Ultimate,Mega,Virus,Demon Beast,Fenriloogamon; Kazuchimon,,https://wikimon.net/images/thumb/e/ea/Fenriloogamon_takemikazuchi.jpg/120px-Fenriloogamon_takemikazuchi.jpg
Filmon,Filmon,Filmon,Adult,Champion,Data,Beast Man,Herissmon,Rasenmon; Stiffilmon,https://wikimon.net/images/thumb/b/b9/Filmon.jpg/120px-Filmon.jpg
Firamon,Firamon,,Adult,Champion,Vaccine,Beast,Coronamon,Flaremon,https://wikimon.net/images/thumb/9/9e/Firamon.jpg/120px-Firamon.jpg
Fladramon,Flamedramon,Flamedramon,Armor,Armor,Free,Dragon Man,V-mon,Imperialdramon: Fighter Mode,https://wikimon.net/images/thumb/f/fd/Fladramon.jpg/120px-Fladramon.jpg
Flamon,Flamemon,Flamemon,Hybrid,Hybrid,Variable,Demon Man,,Agnimon,https://wikimon.net/images/thumb/0/09/Flamon.jpg/120px-Flamon.jpg
Flare Lizamon,Flarerizamon,Flarerizamon,Adult,Champion,Data,Flame Dragon,,Dark Lizamon; Dorbickmon Darkness Mode (Flare Lizamon); Dorbickmon Darkness Mode (Dragon Army),https://wikimon.net/images/thumb/8/85/Flarelizamon.jpg/120px-Flarelizamon.jpg
Flaremon,Flaremon,,Perfect,Ultimate,Vaccine,Beast Man,Firamon,Apollomon,https://wikimon.net/images/thumb/f/f1/Flaremon.jpg/120px-Flaremon.jpg
Fla Wizarmon,FlameWizardmon,FlameWizardmon,Armor,Armor,Virus,Demon Man,,,https://wikimon.net/images/thumb/3/38/Flawizarmon.jpg/120px-Flawizarmon.jpg
Floramon,Floramon,Floramon,Child,Rookie,Data,Plant,,Ceresmon Medium; Kiwimon; Lotusmon; Raremon; Shoutmon X7: Superior Mode; Vegimon,https://wikimon.net/images/thumb/2/24/Floramon.jpg/120px-Floramon.jpg
Fluffymon,Fluffymon,,Baby II,Baby II / In-Training / In-Training II,,Small Bird,Yolkmon,Pteromon,https://wikimon.net/images/thumb/2/2d/Fluffymon.jpg/120px-Fluffymon.jpg
Flybeemon,Flybeemon,,Armor,Armor,Free,Insect,,,https://wikimon.net/images/thumb/8/8a/Flybeemon.jpg/120px-Flybeemon.jpg
Flymon,Flymon,Flymon,Adult,Champion,Virus,Insect,Kunemon,,https://wikimon.net/images/thumb/0/05/Flymon.jpg/120px-Flymon.jpg
Footmon,Footmon,,Perfect,Ultimate,Vaccine,Cyborg,,,https://wikimon.net/images/thumb/7/7d/Footmon.jpg/120px-Footmon.jpg
Forgebeemon,ForgeBeemon,ForgeBeemon,Adult,Champion,Virus,Cyborg,Funbeemon,Vespamon,https://wikimon.net/images/thumb/0/03/Forgebeemon.jpg/120px-Forgebeemon.jpg
Frimon,Frimon,,Baby II,Baby II / In-Training / In-Training II,Free,Lesser,Popomon,Liollmon,https://wikimon.net/images/thumb/b/b8/Frimon.jpg/120px-Frimon.jpg
Frogmon,Frogmon,Frogmon,Armor,Armor,Free,Mutation,,,https://wikimon.net/images/thumb/0/09/Frogmon.jpg/120px-Frogmon.jpg
Fros Velgrmon,Fros Velgrmon,,Ultimate,Mega,Virus,Giant Bird,,,https://wikimon.net/images/thumb/a/ae/Frosvelgrmon.jpg/120px-Frosvelgrmon.jpg
Frozomon,Frozomon,,Perfect,Ultimate,Virus,Machine,,,https://wikimon.net/images/thumb/3/3e/Frozomon.jpg/120px-Frozomon.jpg
Fufumon,Fufumon,,Baby I,Baby I / Fresh / In-Training I,Free,Slime,,,https://wikimon.net/images/thumb/4/48/Fufumon.jpg/120px-Fufumon.jpg
Fugamon,Fugamon,,Adult,Champion,Virus,Oni,Goburimon,,https://wikimon.net/images/thumb/e/ee/Fugamon.jpg/120px-Fugamon.jpg
Fujinmon,Fujinmon,,Ultimate,Mega,Vaccine,Cyborg,,,https://wikimon.net/images/thumb/9/9f/Fujinmon.jpg/120px-Fujinmon.jpg
Fujitsumon,Fujitsumon,,No Level,,,Shellfish,,,https://wikimon.net/images/thumb/6/68/Fujitsumon.jpg/120px-Fujitsumon.jpg
Fujamon,Fujamon,Fujamon,Child,Rookie,Virus,Aquatic,,,https://wikimon.net/images/thumb/b/bb/Fujamon.jpg/120px-Fujamon.jpg
Fukamon,Fukamon,Fukamon,Baby I,Baby I / Fresh / In-Training I,Free,Smoke,Digitama,Mococomon,https://wikimon.net/images/thumb/7/78/Fukamon.jpg/120px-Fukamon.jpg
Fumamon,Fumamon,,Perfect,Ultimate,Data,Cyborg,,,https://wikimon.net/images/thumb/2/2b/Fumamon.jpg/120px-Fumamon.jpg
Funbeemon,FunBeemon,FunBeemon,Child,Rookie,Virus,Insect,,Forgebeemon; Vespamon; Waspmon,https://wikimon.net/images/thumb/5/58/Funbeemon.jpg/120px-Funbeemon.jpg
Fusamon,Fusamon,Fusamon,Baby I,Baby I / Fresh / In-Training I,Free,Slime,Digitama,Bowmon,https://wikimon.net/images/thumb/f/f0/Fusamon.jpg/120px-Fusamon.jpg
Fuxishou,Fuxishou,,,,,,,,https://wikimon.net/images/thumb/1/18/Fuximon_manhua.png/82px-Fuximon_manhua.png
G-Cutemon,GreatestCutemon,GreatestCutemon,No Level,,,,Cutemon,,https://wikimon.net/images/thumb/5/5c/Greatestcutemon3.jpg/120px-Greatestcutemon3.jpg
Gabumon,Gabumon,Gabumon,Child,Rookie,Data,Reptile,Tunomon,Cres Garurumon; Gabumon -Yujo no Kizuna-; Gabumon (X-Antibody); Garurumon; Kita Kitsunemon; Maquinamon; Metal Garurumon; Omegamon; Shoutmon X7: Superior Mode,https://wikimon.net/images/thumb/7/71/Gabumon.jpg/120px-Gabumon.jpg
Gabumon (Black),Gabumon (Black),Gabumon (Black),Child,Rookie,Virus,Reptile,Tunomon,Garurumon (Black),https://wikimon.net/images/thumb/6/6f/Gabumon_black.jpg/120px-Gabumon_black.jpg
Gabumon (X-Antibody),Gabumon (X Antibody),Gabumon (X Antibody),Child,Rookie,Data,Beast,Gabumon,,https://wikimon.net/images/thumb/c/cb/Gabumonx.jpg/120px-Gabumonx.jpg
Gabumon -Yujo no Kizuna-,Gabumon (Bond of Friendship),Gabumon (Bond of Friendship),Ultimate,Mega,Data,Species Unknown,Gabumon,,https://wikimon.net/images/thumb/7/77/Gabumon_bondoffriendship.jpg/120px-Gabumon_bondoffriendship.jpg
Gaiamon,Gaiamon,,Ultimate,Mega,,,,,https://wikimon.net/images/thumb/6/61/Digimon_noimage.jpg/120px-Digimon_noimage.jpg
Gaioumon,Gaiomon,Gaiomon,Ultimate,Mega,Virus,Dragon Man,DORUguremon; DORUmon; Rize Greymon,Gaioumon: Itto Mode,https://wikimon.net/images/thumb/6/6e/Gaioumon.jpg/120px-Gaioumon.jpg
Gaioumon: Itto Mode,Gaiomon: Itto Mode,Gaiomon: Itto Mode,Ultimate,Mega,Virus,Dragon Man,DORUguremon; DORUmon; Gaioumon,,https://wikimon.net/images/thumb/c/cc/Gaioumon_itto.jpg/120px-Gaioumon_itto.jpg
Gallantmon Chaos Mode,Gallantmon Chaos Mode,Gallantmon Chaos Mode,Ultimate,Mega,Virus,Dark Knight,Chaos Dukemon,,https://wikimon.net/images/thumb/6/69/Dukemon_Chaos_Mode_toy.jpg/105px-Dukemon_Chaos_Mode_toy.jpg
Galemon,Galemon,Galemon,Adult,Champion,Data,Bird Dragon,Pteromon,Grand Galemon,https://wikimon.net/images/thumb/f/fc/Galemon.jpg/120px-Galemon.jpg
Galgomon,Gargomon,Gargomon,Adult,Champion,Vaccine,Beast Man,Terriermon,Black Galgomon; Rapidmon Perfect; Shoutmon X7: Superior Mode,https://wikimon.net/images/thumb/0/02/Galgomon.jpg/120px-Galgomon.jpg
Gammamon,Gammamon,,Child,Rookie,Virus,Ceratopsian,Gurimon,Betel Gammamon; Canoweissmon; Gulus Gammamon; Kaus Gammamon; Wezen Gammamon,https://wikimon.net/images/thumb/7/7e/Gammamon.jpg/120px-Gammamon.jpg
Ganemon,Ganemon,,Adult,Champion,Vaccine,Mutation,,,https://wikimon.net/images/thumb/6/6b/Ganemon.jpg/120px-Ganemon.jpg
Ganimon,Crabmon,Crabmon,Child,Rookie,Data,Crustacean,Pukamon,Coelamon; Ganimon (X-Antibody); Gesomon,https://wikimon.net/images/thumb/7/78/Ganimon.jpg/120px-Ganimon.jpg
Ganimon (X-Antibody),Crabmon (X Antibody),Crabmon (X Antibody),Child,Rookie,Data,Crustacean,Ganimon,,https://wikimon.net/images/thumb/0/0c/Ganimonx.jpg/120px-Ganimonx.jpg
Gankoomon,Gankoomon,Gankoomon,Ultimate,Mega,Data,Holy Knight,,Gankoomon (X-Antibody),https://wikimon.net/images/thumb/d/da/Gankoomon.jpg/120px-Gankoomon.jpg
Gankoomon (X-Antibody),Gankoomon (X Antibody),Gankoomon (X Antibody),Ultimate,Mega,Data,Holy Knight,Gankoomon,,https://wikimon.net/images/thumb/6/6d/Gankoomonx.jpg/120px-Gankoomonx.jpg
Ganvivormon,Ganvivormon,,,,,,,,https://wikimon.net/images/thumb/8/8a/Ganvivormon.jpg/120px-Ganvivormon.jpg
Gaogamon,Gaogamon,Gaogamon,Adult,Champion,Data,Beast,Gaomon; Wanyamon,Mach Gaogamon,https://wikimon.net/images/thumb/7/78/Gaogamon.jpg/120px-Gaogamon.jpg
Gaomon,Gaomon,Gaomon,Child,Rookie,Data,Beast,Dodomon; Wanyamon,Black Gaogamon; Gaogamon; Mach Gaogamon; Mirage Gaogamon,https://wikimon.net/images/thumb/7/7f/Gaomon.jpg/120px-Gaomon.jpg
Gaossmon,Gaossmon,Gaossmon,Child,Rookie,Virus,Reptile,,Pawn Gaossmon; Shoutmon X7: Superior Mode,https://wikimon.net/images/thumb/0/0f/Gaossmon.jpg/120px-Gaossmon.jpg
Gargamon,Gargamon,,Child,Rookie,,,,,https://wikimon.net/images/thumb/d/de/Gargamon.jpg/109px-Gargamon.jpg
Gargomon,Gargoylemon,Gargoylemon,Armor,Armor,Free,Demon Beast,,,https://wikimon.net/images/thumb/6/6d/Gargomon.jpg/120px-Gargomon.jpg
Garudamon,Garudamon,Garudamon,Perfect,Ultimate,Vaccine,Bird Man,Aquilamon; Birdramon; Piyomon,Garudamon (X-Antibody); Hououmon,https://wikimon.net/images/thumb/c/c6/Garudamon.jpg/120px-Garudamon.jpg
Garudamon (X-Antibody),Garudamon (X Antibody),Garudamon (X Antibody),Perfect,Ultimate,Vaccine,Bird Man,Garudamon,,https://wikimon.net/images/thumb/5/5d/Garudamonx.jpg/120px-Garudamonx.jpg
Garummon,KendoGarurumon,KendoGarurumon,Hybrid,Hybrid,Variable,Cyborg,Wolfmon,Beowolfmon; Wolfmon,https://wikimon.net/images/thumb/a/ac/Garummon.jpg/120px-Garummon.jpg
Garurumon,Garurumon,Garurumon,Adult,Champion,Vaccine,Beast,Gabumon,Chimairamon; Garurumon (X-Antibody); Metal Garurumon; Omegamon; Shoutmon X7: Superior Mode; Were Garurumon,https://wikimon.net/images/thumb/5/57/Garurumon.jpg/120px-Garurumon.jpg
Garurumon (Black),Garurumon (Black),Garurumon (Black),Adult,Champion,Virus,Beast,Elecmon; Gabumon (Black),Metal Garurumon (Black); Were Garurumon (Black),https://wikimon.net/images/thumb/4/42/Garurumon_black.jpg/120px-Garurumon_black.jpg
Garurumon (X-Antibody),Garurumon (X Antibody),Garurumon (X Antibody),Adult,Champion,Vaccine,Beast,Garurumon,,https://wikimon.net/images/thumb/7/79/Garurumonx.jpg/120px-Garurumonx.jpg
Gasamon,Gasamon,,Child,Rookie,Virus,Mollusk,,,https://wikimon.net/images/thumb/2/24/Gasamon.jpg/120px-Gasamon.jpg
Gattai Ancient Volcamon,FusedAncientVolcanomon,FusedAncientVolcanomon,No Level,,,,Ancient Volcamon,,https://wikimon.net/images/thumb/f/ff/Gattaiancientvolcamon.jpg/120px-Gattaiancientvolcamon.jpg
Gattai Lilithmon,Laylamon Combined,Laylamon Combined,No Level,,,Enhancement,Lilithmon,,https://wikimon.net/images/thumb/d/d2/GattaiLilithmon.png/120px-GattaiLilithmon.png
Gawappamon,Gawappamon,Gawappamon,Adult,Champion,Data,Cyborg,Kamemon,Shawujinmon; Shoutmon X7: Superior Mode,https://wikimon.net/images/thumb/9/95/Gawappamon.jpg/120px-Gawappamon.jpg
Gazimon,Gazimon,Gazimon,Child,Rookie,Virus,Mammal,,Gazimon (X-Antibody); Hanumon; Leomon,https://wikimon.net/images/thumb/a/ab/Gazimon.jpg/120px-Gazimon.jpg
Gazimon (X-Antibody),Gazimon (X Antibody),Gazimon (X Antibody),Child,Rookie,Virus,Mammal,Gazimon,,https://wikimon.net/images/thumb/4/45/Gazimonx.jpg/120px-Gazimonx.jpg
Gekkomon,Gekkomon,Gekkomon,Child,Rookie,Data,Reptile,Kekkomon,Arma Lizamon,https://wikimon.net/images/thumb/c/c3/Gekkomon.jpg/120px-Gekkomon.jpg
Gekomon,Gekomon,,Adult,Champion,Virus,Amphibian,Gigimon; Otamamon; Punimon,Shoutmon X7: Superior Mode; Tonosama Gekomon,https://wikimon.net/images/thumb/4/49/Gekomon.jpg/120px-Gekomon.jpg
Gemmon,Gemmon,,Child,Rookie,Vaccine,Mythical Beast,,Liskmon,https://wikimon.net/images/thumb/c/c3/Gemmon.png/109px-Gemmon.png
Generamon,Generamon,,Perfect,Ultimate,,,,,https://wikimon.net/images/2/20/Generamon.gif
Geo Greymon,GeoGreymon,GeoGreymon,Adult,Champion,Vaccine,Dinosaur,Agumon (2006 Anime Version),Rize Greymon,https://wikimon.net/images/thumb/1/1d/Geogreymon.jpg/120px-Geogreymon.jpg
Gerbemon,Garbagemon,Garbagemon,Perfect,Ultimate,Virus,Mutation,,Shoutmon X7: Superior Mode,https://wikimon.net/images/thumb/5/5b/Gerbemon.jpg/120px-Gerbemon.jpg
Geremon,Geremon,Geremon,Adult,Champion,Virus,Mollusk,,,https://wikimon.net/images/thumb/1/19/Geremon.jpg/120px-Geremon.jpg
Gesomon,Gesomon,,Adult,Champion,Virus,Mollusk,Ganimon,Gesomon (X-Antibody); Marin Devimon,https://wikimon.net/images/thumb/b/b1/Gesomon.jpg/120px-Gesomon.jpg
Gesomon (X-Antibody),Gesomon (X Antibody),Gesomon (X Antibody),Adult,Champion,Virus,Mollusk,Gesomon,,https://wikimon.net/images/thumb/3/35/Gesomonx.jpg/120px-Gesomonx.jpg
Ghilliedhumon,Ghilliedhumon,Ghilliedhumon,Perfect,Ultimate,Data,Fairy,,,https://wikimon.net/images/thumb/3/34/Ghilliedhumon.jpg/120px-Ghilliedhumon.jpg
Ghostmon,Ghostmon,Ghostmon,Child,Rookie,Data,Ghost,Peti Meramon,Bakemon,https://wikimon.net/images/thumb/0/0d/Ghostmon.jpg/120px-Ghostmon.jpg
Giga Breakdramon,Giga Breakdramon,,,,,Machine Dragon,,Xros Up Arresterdramon (Giga Breakdramon),https://wikimon.net/images/thumb/7/77/Gigabreakdramon.png/120px-Gigabreakdramon.png
Gigadramon,Gigadramon,Gigadramon,Perfect,Ultimate,Virus,Cyborg,,Dorbickmon Darkness Mode (Dragon Army),https://wikimon.net/images/thumb/1/1c/Gigadramon.jpg/120px-Gigadramon.jpg
Gigantic Numemon,Gigantic Numemon,,Adult,Champion,,,Numemon,,https://wikimon.net/images/thumb/1/1f/Numemon.jpg/120px-Numemon.jpg
Gigantic Pumpmon,Pumpkinmon,Pumpkinmon,Ultimate,Mega,Data,Puppet,,,https://wikimon.net/images/thumb/6/61/Pumpmon_raid_boss_vpet_vb.png/120px-Pumpmon_raid_boss_vpet_vb.png
Giga Seadramon,GigaSeadramon,GigaSeadramon,Ultimate,Mega,Data,Cyborg,Metal Seadramon,,https://wikimon.net/images/thumb/f/f7/Gigaseadramon.jpg/120px-Gigaseadramon.jpg
Gigasmon,Gigasmon,,Hybrid,Hybrid,Variable,Mineral,,,https://wikimon.net/images/thumb/0/05/Gigasmon2.jpg/120px-Gigasmon2.jpg
Giga Waru Monzaemon,Giga Waru Monzaemon,,No Level,,,,Waru Monzaemon,,https://wikimon.net/images/thumb/f/f6/GigaWaruMonzaemon.png/120px-GigaWaruMonzaemon.png
Gigimon,Gigimon,Gigimon,Baby II,Baby II / In-Training / In-Training II,Free,Lesser,Jyarimon,Gekomon; Guilmon,https://wikimon.net/images/thumb/c/ca/Gigimon.jpg/120px-Gigimon.jpg
Ginkakumon,Ginkakumon,,Adult,Champion,Virus,Oni,,Ginkakumon Promote,https://wikimon.net/images/thumb/f/f6/Ginkakumon.jpg/120px-Ginkakumon.jpg
Ginkakumon Promote,Ginkakumon Promote,,Adult,Champion,Virus,Oni,Ginkakumon; Kinkakumon,,https://wikimon.net/images/thumb/1/12/Ginkakumon_promote.jpg/120px-Ginkakumon_promote.jpg
Ginryumon,Ginryumon,Ginryumon,Adult,Champion,Vaccine,Beast Dragon,Ryudamon,Hisyaryumon,https://wikimon.net/images/thumb/2/27/Ginryumon.jpg/120px-Ginryumon.jpg
Giromon,Giromon,Giromon,Perfect,Ultimate,Vaccine,Mine,,,https://wikimon.net/images/thumb/8/85/Giromon.jpg/120px-Giromon.jpg
Gizamon,Gizamon,Gizamon,Child,Rookie,Virus,Aquatic Mammal,Pagumon,,https://wikimon.net/images/thumb/d/d9/Gizamon.jpg/120px-Gizamon.jpg
Gizmon: AT,Gizumon-AT,Gizumon-AT,Adult,Champion,,Machine,Proto Gizmon,Gizmon: XT,https://wikimon.net/images/thumb/3/3b/Gizmon_at_crusader.jpg/120px-Gizmon_at_crusader.jpg
Gizmon: XT,Gizumon-XT,Gizumon-XT,Perfect,Ultimate,,,Gizmon: AT,,https://wikimon.net/images/thumb/1/11/Gizmon_xt_crusader.jpg/120px-Gizmon_xt_crusader.jpg
Gladimon,Gladimon,Gladimon,Adult,Champion,Vaccine,Warrior,Kotemon,Knightmon,https://wikimon.net/images/thumb/c/cf/Gladimon.jpg/120px-Gladimon.jpg
Goatmon,Goatmon,Goatmon,Armor,Armor,Free,Mammal,,Deadly Tuwarmon Hell Mode,https://wikimon.net/images/thumb/f/f0/Goatmon.jpg/120px-Goatmon.jpg
Goburimon,Goblimon,Goblimon,Child,Rookie,Virus,Oni,,Fugamon; Shoutmon X7: Superior Mode,https://wikimon.net/images/thumb/e/e7/Goburimon.jpg/120px-Goburimon.jpg
Goddramon,Goldramon,Goldramon,Ultimate,Mega,Vaccine,Holy Dragon,Holy Angemon,Goddramon (X-Antibody),https://wikimon.net/images/thumb/3/37/Goddramon.jpg/120px-Goddramon.jpg
Goddramon (X-Antibody),Goldramon (X Antibody),Goldramon (X Antibody),Ultimate,Mega,Vaccine,Holy Dragon,Goddramon,,https://wikimon.net/images/thumb/2/2d/Goddramonx.jpg/120px-Goddramonx.jpg
Gogmamon,Gogmamon,Gogmamon,Perfect,Ultimate,Vaccine,Ore,,,https://wikimon.net/images/thumb/f/fe/Gogmamon.jpg/120px-Gogmamon.jpg
Gokimon,Roachmon,Roachmon,Adult,Champion,Virus,Insect,,,https://wikimon.net/images/thumb/b/be/Gokimon.jpg/120px-Gokimon.jpg
Gokumon,Reapermon,Reapermon,Ultimate,Mega,Virus,Cyborg,Metal Fantomon,,https://wikimon.net/images/thumb/2/28/Gokumon2.jpg/120px-Gokumon2.jpg
Gokuwmon,Gokuumon,Gokuumon,Perfect,Ultimate,Virus,Beast Man,,Seiten Gokuwmon; Shakamon,https://wikimon.net/images/thumb/a/aa/Gokuwmon.jpg/120px-Gokuwmon.jpg
Gold Numemon,GoldNumemon,GoldNumemon,Adult,Champion,Virus,Mutation,,,https://wikimon.net/images/thumb/f/f9/Goldnumemon.jpg/120px-Goldnumemon.jpg
Gold Numemon (Ultimate),Gold Numemon (Ultimate),,Ultimate,Mega,Virus,Mutation,,,https://wikimon.net/images/thumb/f/f9/Goldnumemon.jpg/120px-Goldnumemon.jpg
Gold V-dramon,GoldVeedramon,GoldVeedramon,Armor,Armor,Vaccine,Mythical Dragon,V-mon,,https://wikimon.net/images/thumb/6/65/Goldvdramon.jpg/120px-Goldvdramon.jpg
Golem Jiji Kamemon,GolemJijiTortomon,GolemJijiTortomon,No Level,,,,Kamemon; Golemon; Jijimon,,https://wikimon.net/images/thumb/3/34/Golem_jiji_kamemon.jpg/120px-Golem_jiji_kamemon.jpg
Golemon,Golemon,Golemon,Adult,Champion,Virus,Mineral,Gottsumon,Golem Jiji Kamemon; Mail Birdramon + Golemon; Shoutmon X7: Superior Mode,https://wikimon.net/images/thumb/5/59/Golemon.jpg/120px-Golemon.jpg
Golemon (PS),Rockmon,Rockmon,Adult,Champion,Virus,,,,https://wikimon.net/images/thumb/a/a6/Golemon_ps.jpg/120px-Golemon_ps.jpg
Gomamon,Gomamon,,Child,Rookie,Vaccine,Marine Beast,Budmon; Pukamon,Gomamon (X-Antibody); Ikkakumon; Plesiomon; Shoutmon X7: Superior Mode; Urashimamon; Vikemon,https://wikimon.net/images/thumb/9/9b/Gomamon.jpg/120px-Gomamon.jpg
Gomamon (X-Antibody),Gomamon (X Antibody),Gomamon (X Antibody),Child,Rookie,Vaccine,Marine Beast,Gomamon,,https://wikimon.net/images/thumb/e/ea/Gomamonx.jpg/120px-Gomamonx.jpg
Gorimon,Gorillamon,Gorillamon,Adult,Champion,Data,Beast Man,,Deadly Tuwarmon Hell Mode,https://wikimon.net/images/thumb/8/8c/Gorimon.jpg/120px-Gorimon.jpg
Goromon,Tumblemon,Tumblemon,Baby II,Baby II / In-Training / In-Training II,Free,Ore,Sunamon,,https://wikimon.net/images/thumb/9/9b/Goromon.jpg/120px-Goromon.jpg
Gottsumon,Gotsumon,Gotsumon,Child,Rookie,Data,Ore,,Golemon; Gottsumon (X-Antibody); Icemon; Insekimon; Minotaurmon; Monochromon; Mugendramon; Shoutmon X7: Superior Mode,https://wikimon.net/images/thumb/f/f4/Gottsumon.jpg/120px-Gottsumon.jpg
Gottsumon (X-Antibody),Gotsumon (X Antibody),Gotsumon (X Antibody),Child,Rookie,Data,Ore,Gottsumon,,https://wikimon.net/images/thumb/b/bd/Gottsumonx.jpg/120px-Gottsumonx.jpg
Grace Novamon,GraceNovamon,GraceNovamon,Ultimate,Mega,Vaccine,Galaxy,Apollomon; Dianamon,,https://wikimon.net/images/thumb/4/42/Gracenovamon.jpg/120px-Gracenovamon.jpg
Grademon,Grademon,Grademon,Perfect,Ultimate,Vaccine,Warrior,Dorimon; Grademon (Vice); Raptordramon; Zubaeagermon,Alphamon; Grademon (Vice); Shoutmon X7: Superior Mode,https://wikimon.net/images/thumb/7/78/Grademon.jpg/120px-Grademon.jpg
Grademon (Vice),Grademon (Vice),Grademon (Vice),Perfect,Ultimate,Virus,Warrior,Grademon,Grademon,https://wikimon.net/images/thumb/0/0a/Grademon_Vice.png/120px-Grademon_Vice.png
Grand Dracumon,GranDracmon,GranDracmon,Ultimate,Mega,Virus,Demon Beast,Dracumon; Matadrmon,,https://wikimon.net/images/thumb/3/31/Granddracumon.jpg/120px-Granddracumon.jpg
Grand Galemon,Grand Galemon,,Perfect,Ultimate,Data,Bird Dragon,Galemon,Zephagamon,https://wikimon.net/images/thumb/2/2d/Grandgalemon.jpg/120px-Grandgalemon.jpg
Grand Generamon,Grand Generamon,,No Level,,,Unique,,,https://wikimon.net/images/thumb/d/d9/Grand_generamon.jpg/120px-Grand_generamon.jpg
Grandis Kuwagamon,GrandisKuwagamon,GrandisKuwagamon,Ultimate,Mega,Virus,Insect,Gran Kuwagamon,Grandis Kuwagamon Honey Mode,https://wikimon.net/images/thumb/d/d1/Grandiskuwagamon.jpg/120px-Grandiskuwagamon.jpg
Grandis Kuwagamon Honey Mode,GrandisKuwagamon Honeybee Mode,GrandisKuwagamon Honeybee Mode,No Level,,,Insect,Grandis Kuwagamon,,https://wikimon.net/images/thumb/b/b6/GrandisKuwagamon_Honey_Mode_2.png/120px-GrandisKuwagamon_Honey_Mode_2.png
Grand Locomon,GroundLocomon,GroundLocomon,Ultimate,Mega,Data,Machine,Locomon,,https://wikimon.net/images/thumb/7/7f/Grandlocomon.jpg/120px-Grandlocomon.jpg
Gran Kuwagamon,Gran Kuwagamon,,Ultimate,Mega,Free,Insect,Atlur Kabuterimon (Red); Dinobeemon; Okuwamon,Grandis Kuwagamon,https://wikimon.net/images/thumb/a/aa/Grankuwagamon.jpg/120px-Grankuwagamon.jpg
Grappu Leomon,GrapLeomon,GrapLeomon,Perfect,Ultimate,Vaccine,Beast Man,Elecmon; Gryzmon; Leomon; Punimon; Tokomon,Heavy Leomon; Marsmon; Saber Leomon,https://wikimon.net/images/thumb/4/41/Grappuleomon.jpg/120px-Grappuleomon.jpg
Gravimon,Gravimon,Gravimon,Perfect,Ultimate,Virus,Species Unknown,,Gravimon Darkness Mode; Grand Generamon; Grand Generamon,https://wikimon.net/images/thumb/8/80/Gravimon.jpg/120px-Gravimon.jpg
Gravimon Darkness Mode,Gravimon Darkness Mode,,No Level,,,,Gravimon,,https://wikimon.net/images/thumb/8/88/Gravimon_Darkness_Mode.png/120px-Gravimon_Darkness_Mode.png
Great Gryzmon,GreatGrizzlymon,GreatGrizzlymon,Perfect,Ultimate,Vaccine,Beast Man,,,https://wikimon.net/images/thumb/6/61/Greatgryzmon.jpg/120px-Greatgryzmon.jpg
Great King Scumon,KingSukamon,KingSukamon,Perfect,Ultimate,Virus,Mutation,Scumon,,https://wikimon.net/images/thumb/c/ca/Greatkingscumon.jpg/120px-Greatkingscumon.jpg
Grey Knightsmon,Grey Knightsmon,,Ultimate,Mega,Virus,Dark Knight,Dark Knightmon; Greymon (2010 Anime Version); Metal Greymon (2010 Anime Version),,https://wikimon.net/images/thumb/5/58/Greyknightsmon.jpg/120px-Greyknightsmon.jpg
Greymon,Greymon,,Adult,Champion,Vaccine,Dinosaur,Agumon,Greymon (X-Antibody); Mamemon; Metal Greymon; Metal Greymon (Virus); Omegamon; Rize Greymon; Skull Greymon; War Greymon,https://wikimon.net/images/thumb/6/6c/Greymon.jpg/120px-Greymon.jpg
Greymon (2010 Anime Version),Greymon (2010 Anime Version),Greymon (2010 Anime Version),Adult,Champion,Virus,Dinosaur,,Decker Greymon; Grey Knightsmon; Greymon + Skull Knightmon; Metal Greymon (2010 Anime Version); Shoutmon X3GM,https://wikimon.net/images/thumb/0/02/Greymon2010.jpg/120px-Greymon2010.jpg
Greymon (Ash),Greymon (Ash),,No Level,,Virus,Dinosaur,,,https://wikimon.net/images/b/b5/Greymon_Ash_vpet_xloader.png
Greymon (Blue),Greymon (Blue),Greymon (Blue),Adult,Champion,Virus,Dinosaur,Agumon (Black),Black War Greymon; Greymon (Blue) (X-Antibody); Metal Greymon (Virus),https://wikimon.net/images/thumb/0/0b/Greymon_blue.jpg/120px-Greymon_blue.jpg
Greymon (Blue) (X-Antibody),Greymon (Blue) (X Antibody),Greymon (Blue) (X Antibody),Adult,Champion,Virus,Dinosaur,Greymon (Blue),,https://wikimon.net/images/thumb/d/dc/Greymon_bluex.jpg/120px-Greymon_bluex.jpg
Greymon (Orange),Greymon (Orange),,No Level,,Virus,Dinosaur,,,https://wikimon.net/images/thumb/5/56/Greymon_O_vg.gif/92px-Greymon_O_vg.gif
Greymon (X-Antibody),Greymon (X Antibody),Greymon (X Antibody),Adult,Champion,Vaccine,Dinosaur,Agumon (X-Antibody); Greymon,Metal Greymon (X-Antibody),https://wikimon.net/images/thumb/8/8a/Greymonx.jpg/120px-Greymonx.jpg
Greymon + Skull Knightmon,Greymon + Skull Knightmon,,No Level,,,,Greymon (2010 Anime Version); Skull Knightmon,Shoutmon X5 + Skull Greymon,https://wikimon.net/images/thumb/6/6d/Greymon_skullknightmon.jpg/120px-Greymon_skullknightmon.jpg
"Greymon: ""G"" Erosion Mode","Greymon: ""G"" Invasion Mode","Greymon: ""G"" Invasion Mode",Adult,Champion,Vaccine,,,,https://wikimon.net/images/thumb/0/0e/Greymon_G_Erosion_Mode.jpg/120px-Greymon_G_Erosion_Mode.jpg
Griffomon,Gryphonmon,Gryphonmon,Ultimate,Mega,Data,Mythical Beast,Hawkmon; Hippogriffomon,Shoutmon X7: Superior Mode,https://wikimon.net/images/thumb/2/29/Griffomon.jpg/120px-Griffomon.jpg
Grimmon,Grimmon,,Adult,Champion,,Devil Dragon,,Chaos Grimmon,https://wikimon.net/images/thumb/f/f5/Grimmon_sunburst_moonlight.jpg/120px-Grimmon_sunburst_moonlight.jpg
Grottomon,Grumblemon,Grumblemon,Hybrid,Hybrid,Variable,Oni,Gigasmon,Gigasmon,https://wikimon.net/images/thumb/1/1b/Grottomon.jpg/120px-Grottomon.jpg
Groundramon,Groundramon,,Perfect,Ultimate,Virus,Earth Dragon,Coredramon (Green),Breakdramon,https://wikimon.net/images/thumb/5/5b/Groundramon2.jpg/120px-Groundramon2.jpg
Growmon,Growlmon,Growlmon,Adult,Champion,Virus,Demon Dragon,Guilmon,Dukemon; Growmon (X-Antibody); Megalo Growmon; Megidramon; Shoutmon X7: Superior Mode; Skull Greymon,https://wikimon.net/images/thumb/0/06/Growmon.jpg/120px-Growmon.jpg
Growmon (Orange),Growlmon (Orange),Growlmon (Orange),Adult,Champion,Data,Demon Dragon,,Megalo Growmon (Orange),https://wikimon.net/images/thumb/6/6f/Growmon_orange.jpg/120px-Growmon_orange.jpg
Growmon (X-Antibody),Growlmon (X Antibody),Growlmon (X Antibody),Adult,Champion,Virus,Demon Dragon,Growmon,,https://wikimon.net/images/thumb/9/98/Growmonx.jpg/120px-Growmonx.jpg
Gryzmon,Grizzlymon,Grizzlymon,Adult,Champion,Vaccine,Beast,Bearmon,Callismon; Cerberumon; Deadly Tuwarmon Hell Mode; Grappu Leomon; Sethmon Wild Mode; Shoutmon X7: Superior Mode,https://wikimon.net/images/thumb/f/ff/Gryzmon.jpg/120px-Gryzmon.jpg
Guardromon,Guardromon,Guardromon,Adult,Champion,Virus,Machine,Hagurumon; Kokuwamon,Andromon; Guardromon (Gold); Shoutmon X7: Superior Mode,https://wikimon.net/images/thumb/2/21/Guardromon.jpg/120px-Guardromon.jpg
Guardromon (Gold),Guardromon (Gold),,Adult,Champion,Free,Machine,Guardromon; Solarmon,,https://wikimon.net/images/thumb/7/72/Guardromon_gold.jpg/120px-Guardromon_gold.jpg
Guidemon,Guidemon,,No Level,,,,,,https://wikimon.net/images/thumb/8/86/Guidemon.jpg/120px-Guidemon.jpg
Guilmon,Guilmon,Guilmon,Child,Rookie,Virus,Reptile,Digitama; Gigimon,Black Growmon; Dukemon; Dukemon: Crimson Mode; Growmon; Guilmon (X-Antibody); Megalo Growmon; Shoutmon X7: Superior Mode,https://wikimon.net/images/thumb/c/c5/Guilmon.jpg/120px-Guilmon.jpg
Guilmon (X-Antibody),Guilmon (X Antibody),Guilmon (X Antibody),Child,Rookie,Virus,Demon Dragon,Guilmon,,https://wikimon.net/images/thumb/6/69/Guilmonx.jpg/120px-Guilmonx.jpg
Gulfmon,Gulfmon,Gulfmon,Ultimate,Mega,Virus,Demon Beast,Mephismon,Dark Knightmon (Gulfmon),https://wikimon.net/images/thumb/f/fc/Gulfmon.jpg/120px-Gulfmon.jpg
Gulus Gammamon,GulusGammamon,GulusGammamon,Adult,Champion,Virus,Dragon Man,Gammamon,Regulusmon,https://wikimon.net/images/thumb/c/c7/Gulusgammamon.jpg/120px-Gulusgammamon.jpg
Gumdramon,Gumdramon,,Child,Rookie,Vaccine,Small Dragon,,Arresterdramon; Xros Up Arresterdramon (Sagomon); Xros Up Gumdramon (Kotemon),https://wikimon.net/images/thumb/a/ab/Gumdramon2.jpg/120px-Gumdramon2.jpg
Gummymon,Gummymon,,Baby II,Baby II / In-Training / In-Training II,Free,Lesser,Zerimon,Terriermon,https://wikimon.net/images/thumb/c/cd/Gummymon.jpg/120px-Gummymon.jpg
Gundramon,Gundramon,,Ultimate,Mega,Virus,Machine,,,https://wikimon.net/images/thumb/9/96/Gundramon.jpg/120px-Gundramon.jpg
Gurimon,Gurimon,,Baby II,Baby II / In-Training / In-Training II,Free,Lesser,Curimon,Gammamon,https://wikimon.net/images/thumb/4/4a/Gurimon.jpg/120px-Gurimon.jpg
Gururumon,Gururumon,Gururumon,Adult,Champion,Vaccine,Beast,,,https://wikimon.net/images/thumb/0/0d/Gururumon.jpg/120px-Gururumon.jpg
Gusokumon,Gusokumon,,Perfect,Ultimate,Vaccine,Crustacean,Ebidramon,,https://wikimon.net/images/thumb/2/23/Gusokumon.jpg/120px-Gusokumon.jpg
Gyukimon,Gyuukimon,Gyuukimon,Perfect,Ultimate,Virus,Demon Beast,Ryudamon,,https://wikimon.net/images/thumb/a/ac/Gyukimon.jpg/120px-Gyukimon.jpg
Habakirimon,Habakirimon,Habakirimon,Ultimate,Mega,Virus,God Man,Murasamemon,,https://wikimon.net/images/thumb/0/06/Habakirimon.jpg/120px-Habakirimon.jpg
Huckmon,Huckmon,Huckmon,Child,Rookie,Data,Small Dragon,Mochimon,Bao Huckmon; JESmon; JESmon (X-Antibody),https://wikimon.net/images/thumb/b/b9/Huckmon.jpg/120px-Huckmon.jpg
Hagurumon,Hagurumon,Hagurumon,Child,Rookie,Virus,Machine,,Guardromon; Hagurumon (X-Antibody); Shoutmon X7: Superior Mode,https://wikimon.net/images/thumb/f/f2/Hagurumon.jpg/120px-Hagurumon.jpg
Hagurumon (X-Antibody),Hagurumon (X Antibody),Hagurumon (X Antibody),Child,Rookie,Virus,Machine,Hagurumon,,https://wikimon.net/images/thumb/1/16/Hagurumonx.jpg/120px-Hagurumonx.jpg
Hakubamon,Hakubamon,Hakubamon,Adult,Champion,Vaccine,Holy Beast,,,https://wikimon.net/images/thumb/2/24/Hakubamon.jpg/120px-Hakubamon.jpg
Hangyomon,Divermon,Divermon,Perfect,Ultimate,Data,Aquatic Beast Man,Ebidramon,Neptunemon,https://wikimon.net/images/thumb/7/7b/Hangyomon.jpg/120px-Hangyomon.jpg
Hanimon,Hanimon,Hanimon,Child,Rookie,Data,Puppet,,Kaguyamon; Kokeshimon,https://wikimon.net/images/thumb/6/62/Hanimon.jpg/120px-Hanimon.jpg
Hanumon,Apemon,Apemon,Adult,Champion,Vaccine,Beast Man,Gazimon,Mad Leomon (Final Mode),https://wikimon.net/images/thumb/2/22/Hanumon.jpg/120px-Hanumon.jpg
Harpymon,Harpymon,Harpymon,Armor,Armor,Free,Mythical Beast,,Shoutmon X7: Superior Mode,https://wikimon.net/images/thumb/d/d7/Harpymon.jpg/120px-Harpymon.jpg
Hawkmon,Hawkmon,Hawkmon,Child,Rookie,Free,Bird,Poromon,Aquilamon; Griffomon; Holsmon; Orcamon; Rinkmon; Shurimon,https://wikimon.net/images/thumb/7/7f/Hawkmon.jpg/120px-Hawkmon.jpg
Heavy Leomon,HeavyLeomon,HeavyLeomon,Ultimate,Mega,Vaccine,Machine,Grappu Leomon,,https://wikimon.net/images/thumb/9/9d/Heavyleomon.jpg/120px-Heavyleomon.jpg
Heavy Metaldramon,HeavyMetaldramon,HeavyMetaldramon,Ultimate,Mega,Virus,Evil Dragon,Impmon; Loudmon,,https://wikimon.net/images/thumb/4/4a/Heavymetaldramon.jpg/120px-Heavymetaldramon.jpg
Helios Boamon,Heliosboamon,Heliosboamon,Perfect,Ultimate,Data,Reptile,,Albatusmon,https://wikimon.net/images/thumb/c/c3/Heliosboamon.jpg/120px-Heliosboamon.jpg
Helloogarmon,Helloogarmon,,Perfect,Ultimate,Virus,Demon Beast,Loogarmon,,https://wikimon.net/images/thumb/b/b0/Helloogarmon.jpg/120px-Helloogarmon.jpg
Herakle Kabuterimon,HerculesKabuterimon,HerculesKabuterimon,Ultimate,Mega,Vaccine,Insect,Atlur Kabuterimon (Blue); Atlur Kabuterimon (Red); Tentomon,Herakle Kabuterimon (X-Antibody); Omegamon: Merciful Mode,https://wikimon.net/images/thumb/f/f3/Heraklekabuterimon.jpg/120px-Heraklekabuterimon.jpg
Herakle Kabuterimon (X-Antibody),HerculesKabuterimon (X Antibody),HerculesKabuterimon (X Antibody),Ultimate,Mega,Vaccine,Insect,Herakle Kabuterimon,,https://wikimon.net/images/thumb/3/30/Heraklekabuterimonx.jpg/120px-Heraklekabuterimonx.jpg
Herissmon,Herissmon,Herissmon,Child,Rookie,Data,Mammal,Pusurimon,Filmon; Maquinamon; Rasenmon; Rasenmon: Fury Mode; Stiffilmon,https://wikimon.net/images/thumb/e/e6/Herissmon.jpg/120px-Herissmon.jpg
Heshouwushou,Heshouwushou,,Adult,Champion,,Man,,,https://wikimon.net/images/thumb/6/64/Heshouwumon_2.png/80px-Heshouwumon_2.png
Hermmon,Hermmon,,Ultimate,Mega,,,,,https://wikimon.net/images/thumb/5/5a/V-TamerHotBlooded_Hermmon.jpg/120px-V-TamerHotBlooded_Hermmon.jpg
Hexeblaumon,Hexeblaumon,Hexeblaumon,Ultimate,Mega,Data,Magic Knight,Crys Paledramon,,https://wikimon.net/images/thumb/c/ce/Hexeblaumon.jpg/120px-Hexeblaumon.jpg
Hi-Commandramon,Hi-Commandramon,Hi-Commandramon,Adult,Champion,Virus,Cyborg,Commandramon,,https://wikimon.net/images/thumb/2/22/Hicommandramon.jpg/120px-Hicommandramon.jpg
Hi-Vision Monitamon,Hi-Vision Monitamon,,Adult,Champion,Data,LCD,Monitamon,Mervamon Wide Hi-Vision Sword; Shoutmon X7: Superior Mode,https://wikimon.net/images/thumb/3/34/Hivisionmonitamon.jpg/120px-Hivisionmonitamon.jpg
Hi Andromon,HiAndromon,HiAndromon,Ultimate,Mega,Vaccine,Cyborg,Andromon,,https://wikimon.net/images/thumb/6/6b/Hiandromon.jpg/120px-Hiandromon.jpg
Hi Mugendramon,HiMachineDramon,HiMachineDramon,No Level,,Virus,,Mugendramon,,https://wikimon.net/images/thumb/9/92/XW14_Himugendramon.jpg/120px-XW14_Himugendramon.jpg
Hippogriffomon,HippoGryphonmon,HippoGryphonmon,Perfect,Ultimate,Data,Mythical Beast,Aquilamon; Darcmon; Murmukusmon,Darcmon; Griffomon; Gravimon Darkness Mode; Murmukusmon; Shoutmon X7: Superior Mode,https://wikimon.net/images/thumb/2/2c/Hippogriffomon.jpg/120px-Hippogriffomon.jpg
Hisyaryumon,Hisyaryumon,Hisyaryumon,Perfect,Ultimate,Vaccine,Beast Dragon,Ginryumon; Ryudamon,Ouryumon,https://wikimon.net/images/thumb/1/1f/Hisyaryumon.jpg/120px-Hisyaryumon.jpg
Hiyarimon,Hiyarimon,,Baby II,Baby II / In-Training / In-Training II,Free,Lesser,Yukimi Botamon,,https://wikimon.net/images/thumb/4/4a/Hiyarimon.jpg/120px-Hiyarimon.jpg
Holsmon,Halsemon,Halsemon,Armor,Armor,Free,Beast,Hawkmon,Shoutmon X7: Superior Mode,https://wikimon.net/images/thumb/3/34/Holsmon.jpg/120px-Holsmon.jpg
Holy Angemon,MagnaAngemon,MagnaAngemon,Perfect,Ultimate,Vaccine,Archangel,Angemon; Patamon; Pegasmon; Tokomon,Dominimon; Goddramon; Holy Angemon: Priest Mode; Murmukusmon; Seraphimon; Shoutmon X7: Superior Mode,https://wikimon.net/images/thumb/6/6d/Holyangemon.jpg/120px-Holyangemon.jpg
Holy Angemon: Priest Mode,Holy Angemon: Priest Mode,,Perfect,Ultimate,Vaccine,Archangel,Holy Angemon,Holy Angemon; Seraphimon,https://wikimon.net/images/thumb/d/d2/Holyangemon_shinkan.jpg/120px-Holyangemon_shinkan.jpg
Holy Digitamamon,Holy Digitamamon,,Ultimate,Mega,,,,,https://wikimon.net/images/3/3e/HolyDigitamamon.gif
Holydramon,Magnadramon,Magnadramon,Ultimate,Mega,Vaccine,Holy Dragon,Angewomon; Tailmon,Holydramon (X-Antibody); Omegamon: Merciful Mode,https://wikimon.net/images/thumb/2/24/Holydramon.jpg/120px-Holydramon.jpg
Holydramon (X-Antibody),Magnadramon (X Antibody),Magnadramon (X Antibody),Ultimate,Mega,Vaccine,Holy Dragon,Holydramon,,https://wikimon.net/images/thumb/8/85/Holydramonx.jpg/120px-Holydramonx.jpg
Honeybeemon,Honeybeemon,,Armor,Armor,Free,Insect,,Grandis Kuwagamon Honey Mode; Shoutmon X7: Superior Mode,https://wikimon.net/images/thumb/5/56/Honeybeemon.jpg/120px-Honeybeemon.jpg
Hookmon,Hookmon,Hookmon,Adult,Champion,Virus,Mutation,,,https://wikimon.net/images/thumb/7/75/Hookmon.jpg/120px-Hookmon.jpg
Hopmon,Hopmon,,Baby II,Baby II / In-Training / In-Training II,Free,Baby Dragon,Ketomon,Monodramon,https://wikimon.net/images/thumb/4/4a/Hopmon.jpg/120px-Hopmon.jpg
Hououmon,Phoenixmon,Phoenixmon,Ultimate,Mega,Vaccine,Holy Beast,Birdramon; Garudamon; Piyomon,Hououmon (X-Antibody); Omegamon: Merciful Mode,https://wikimon.net/images/thumb/1/10/Hououmon.jpg/120px-Hououmon.jpg
Hououmon (X-Antibody),Phoenixmon (X Antibody),Phoenixmon (X Antibody),Ultimate,Mega,Vaccine,Holy Beast,Hououmon,,https://wikimon.net/images/thumb/4/44/Hououmonx.jpg/120px-Hououmonx.jpg
Hover Espimon,HoverEspimon,HoverEspimon,Adult,Champion,Virus,Cyborg,Espimon,Oblivimon,https://wikimon.net/images/thumb/e/ef/Hoverespimon.jpg/120px-Hoverespimon.jpg
Huanglongmon,Fanglongmon,Fanglongmon,Ultimate,Mega,Data,God Beast,Huanglongmon: Ruin Mode,Dorbickmon Darkness Mode (Huanglongmon); Huanglongmon: Ruin Mode; Master,https://wikimon.net/images/thumb/1/1a/Huanglongmon.jpg/120px-Huanglongmon.jpg
Huanglongmon: Ruin Mode,Fanglongmon: Ruin Mode,Fanglongmon: Ruin Mode,Ultimate,Mega,Data,God Beast,Huanglongmon; Master,Huanglongmon,https://wikimon.net/images/thumb/9/97/Huanglongmon_ruin.jpg/120px-Huanglongmon_ruin.jpg
Huankunmon,Huankunmon,Huankunmon,Perfect,Ultimate,Vaccine,Aquatic,Xiquemon,Xiangpengmon,https://wikimon.net/images/thumb/1/1b/Huankunmon.jpg/120px-Huankunmon.jpg
Hubmon,Hubmon,,,,,,,,https://wikimon.net/images/thumb/6/69/Hubmon.png/120px-Hubmon.png
Hudiemon,Hudiemon,Hudiemon,Adult,Champion,Free,Insect,Wormmon,,https://wikimon.net/images/thumb/e/ea/Hudiemon.jpg/120px-Hudiemon.jpg
Huntermon,Huntermon,,,,,,,,https://wikimon.net/images/thumb/6/61/Digimon_noimage.jpg/120px-Digimon_noimage.jpg
Hustle Nanimon,Hustle Nanimon,,No Level,,,Invade,,,https://wikimon.net/images/thumb/8/89/Hustlenanimon.png/120px-Hustlenanimon.png
Hydramon,Hydramon,Hydramon,Ultimate,Mega,Virus,Plant,,,https://wikimon.net/images/thumb/c/c2/Hydramon.jpg/120px-Hydramon.jpg
Hyemon,Hyemon,,Child,Rookie,Data,Beast,,Fangmon,https://wikimon.net/images/thumb/1/11/Hyemon.jpg/120px-Hyemon.jpg
Hyokomon,Hyokomon,,Child,Rookie,Vaccine,Chick,Chicchimon,Buraimon,https://wikimon.net/images/thumb/2/26/Hyokomon.jpg/120px-Hyokomon.jpg
Hyougamon,Hyogamon,Hyogamon,Adult,Champion,Virus,Ice-Snow,,,https://wikimon.net/images/thumb/b/bb/Hyougamon.jpg/120px-Hyougamon.jpg
Ice Devimon,IceDevimon,IceDevimon,Adult,Champion,Virus,Fallen Angel,Devimon,Ice Devimon Daipenmon Enhancement Absorbent; Ice Devimon Enhancement Absorbent; Shoutmon X7: Superior Mode,https://wikimon.net/images/thumb/e/e2/Icedevimon.jpg/120px-Icedevimon.jpg
Ice Devimon Daipenmon Enhancement Absorbent,IceDevimon-Daipenmon Enhancement,IceDevimon-Daipenmon Enhancement,No Level,,,,Ice Devimon,,https://wikimon.net/images/thumb/8/89/IceDevimon_Daipenmon_Enhancement_Absorbent.png/120px-IceDevimon_Daipenmon_Enhancement_Absorbent.png
Ice Devimon Enhancement Absorbent,IceDevimon,IceDevimon,No Level,,,,Ice Devimon,,https://wikimon.net/images/thumb/5/54/Icedevimon_enhancement_absorbent.jpg/120px-Icedevimon_enhancement_absorbent.jpg
Icemon,Icemon,Icemon,Adult,Champion,Data,Ice-Snow,Gottsumon,Ice Devimon Enhancement Absorbent,https://wikimon.net/images/thumb/0/0b/Icemon.jpg/120px-Icemon.jpg
Igamon,Ninjamon,Ninjamon,Adult,Champion,Data,Mutation,,Shoutmon X7: Superior Mode,https://wikimon.net/images/thumb/8/84/Igamon.jpg/120px-Igamon.jpg
Iguneetmon,Ignitemon,Ignitemon,Child,Rookie,Virus,Reptile Man,,Shoutmon X7: Superior Mode,https://wikimon.net/images/thumb/a/a5/Iguneetmon.jpg/120px-Iguneetmon.jpg
Ikkakumon,Ikkakumon,,Adult,Champion,Vaccine,Marine Beast,Gomamon; Poyomon,Vikemon; Zudomon,https://wikimon.net/images/thumb/0/01/Ikkakumon.jpg/120px-Ikkakumon.jpg
Imperialdramon: Dragon Mode,Imperialdramon Dragon Mode,Imperialdramon Dragon Mode,Ultimate,Mega,Free,Ancient Dragon,Dinobeemon; Paildramon,Imperialdramon: Dragon Mode (Black); Imperialdramon: Fighter Mode,https://wikimon.net/images/thumb/5/5c/Imperialdramon.jpg/120px-Imperialdramon.jpg
Imperialdramon: Dragon Mode (Black),Imperialdramon: Dragon Mode (Black),Imperialdramon: Dragon Mode (Black),Ultimate,Mega,Virus,Ancient Dragon,Imperialdramon: Dragon Mode,Imperialdramon: Fighter Mode (Black),https://wikimon.net/images/thumb/4/42/Imperialdramon_black.jpg/120px-Imperialdramon_black.jpg
Imperialdramon: Fighter Mode,Imperialdramon: Fighter Mode,Imperialdramon: Fighter Mode,Ultimate,Mega,Free,Ancient Dragon Man,Fladramon; Imperialdramon: Dragon Mode; Paildramon; V-mon; Wormmon,Imperialdramon: Paladin Mode,https://wikimon.net/images/thumb/1/1c/Imperialdramon_fighter.jpg/120px-Imperialdramon_fighter.jpg
Imperialdramon: Fighter Mode (Black),Imperialdramon: Fighter Mode (Black),Imperialdramon: Fighter Mode (Black),Ultimate,Mega,Virus,Ancient Dragon Man,Imperialdramon: Dragon Mode (Black),,https://wikimon.net/images/thumb/5/56/Imperialdramon_fighter_black.jpg/120px-Imperialdramon_fighter_black.jpg
Imperialdramon: Paladin Mode,Imperialdramon: Paladin Mode,Imperialdramon: Paladin Mode,Ultimate,Mega,Vaccine,Ancient Holy Knight,Imperialdramon: Fighter Mode; V-mon,,https://wikimon.net/images/thumb/c/cb/Imperialdramon_paladin.jpg/120px-Imperialdramon_paladin.jpg
Impmon,Impmon,Impmon,Child,Rookie,Virus,Small Devil,Yarmon,Beelzebumon; Beelzebumon: Blast Mode; Heavy Metaldramon; Impmon (X-Antibody); Meramon; Punkmon; Shoutmon X7: Superior Mode; Wizarmon,https://wikimon.net/images/thumb/0/0b/Impmon.jpg/120px-Impmon.jpg
Impmon (X-Antibody),Impmon (X Antibody),Impmon (X Antibody),Child,Rookie,Virus,Small Devil,Impmon,,https://wikimon.net/images/thumb/2/2e/Impmonx.jpg/120px-Impmonx.jpg
Indaramon,Indramon,Indramon,Perfect,Ultimate,Virus,Holy Beast,,,https://wikimon.net/images/thumb/4/42/Indaramon.jpg/120px-Indaramon.jpg
Infermon,Infermon,,Perfect,Ultimate,Free,Species Unknown,Chrysalimon; Keramon,Diablomon,https://wikimon.net/images/thumb/4/48/Infermon.jpg/120px-Infermon.jpg
Insekimon,Meteormon,Meteormon,Perfect,Ultimate,Data,Ore,Gottsumon,,https://wikimon.net/images/thumb/8/8f/Insekimon.jpg/120px-Insekimon.jpg
Invisimon,Invisimon,Invisimon,Ultimate,Mega,Virus,Cyborg,Oblivimon,,https://wikimon.net/images/thumb/5/56/Invisimon.jpg/120px-Invisimon.jpg
Jazamon,Jazamon,,Child,Rookie,Data,Bird Dragon,,Jazardmon,https://wikimon.net/images/thumb/c/c0/Jazamon.jpg/120px-Jazamon.jpg
Jazardmon,Jazardmon,,Adult,Champion,Data,Machine Dragon,Jazamon,Jazarichmon,https://wikimon.net/images/thumb/0/04/Jazardmon.jpg/120px-Jazardmon.jpg
Jazarichmon,Jazarichmon,Jazarichmon,Perfect,Ultimate,Data,Machine Dragon,Jazardmon,Metallicdramon,https://wikimon.net/images/thumb/c/cc/Jazarichmon.jpg/120px-Jazarichmon.jpg
Jellymon,Jellymon,,Child,Rookie,Data,Mollusk,Puyoyomon,Tesla Jellymon; Thetismon,https://wikimon.net/images/thumb/9/9c/Jellymon.jpg/120px-Jellymon.jpg
JESmon,Jesmon,Jesmon,Ultimate,Mega,Data,Holy Knight,Bao Huckmon; Huckmon; Savior Huckmon,JESmon (X-Antibody); JESmon GX,https://wikimon.net/images/thumb/5/56/Jesmon.jpg/120px-Jesmon.jpg
JESmon (X-Antibody),Jesmon (X Antibody),Jesmon (X Antibody),Ultimate,Mega,Data,Holy Knight,Huckmon; JESmon,JESmon GX,https://wikimon.net/images/thumb/4/49/Jesmonx.jpg/120px-Jesmonx.jpg
JESmon GX,Jesmon GX,Jesmon GX,Ultimate,Mega,Data,Holy Knight,JESmon; JESmon (X-Antibody),,https://wikimon.net/images/thumb/f/fd/Jesmongx.jpg/120px-Jesmongx.jpg
Jet Mervamon,Jet Mervamon,,Ultimate,Mega,Virus,Enhancement,Mervamon; Sparrowmon,,https://wikimon.net/images/thumb/1/18/Jetmervamon.jpg/120px-Jetmervamon.jpg
Jet Silphymon,Jet Silphymon,,Hybrid,Hybrid,Variable,Cyborg,Fairimon; Shutumon,,https://wikimon.net/images/thumb/d/d6/Jetsilphymon.jpg/120px-Jetsilphymon.jpg
Jewelbeemon,JewelBeemon,JewelBeemon,Perfect,Ultimate,Vaccine,Insect,Kunemon; Stingmon,Bancho Stingmon,https://wikimon.net/images/thumb/7/7f/Jewelbeemon2.jpg/120px-Jewelbeemon2.jpg
Jijimon,Jijimon,Jijimon,Ultimate,Mega,Vaccine,Ancient,,G-Cutemon; Golem Jiji Kamemon; Jiji Shoutmon; Shoutmon X7: Superior Mode,https://wikimon.net/images/thumb/5/52/Jijimon.jpg/120px-Jijimon.jpg
Jiji Shoutmon,Jiji Shoutmon,,No Level,,,,Shoutmon,,https://wikimon.net/images/thumb/6/6d/Jijishoutmon.jpg/120px-Jijishoutmon.jpg
Jinsihoushou,Jinsihoushou,,Child,Rookie,,Beast Man,,,https://wikimon.net/images/thumb/1/16/Jinsihoumon.png/120px-Jinsihoumon.png
Jiko Tyumon,Jiko Tyumon,,Armor,Armor,,,Tentomon,,https://wikimon.net/images/thumb/6/61/Digimon_noimage.jpg/120px-Digimon_noimage.jpg
Jokermon,Jokermon,Jokermon,Perfect,Ultimate,Virus,Demon Man,,,https://wikimon.net/images/thumb/5/55/Jokermon.jpg/120px-Jokermon.jpg
Jougamon,Jougamon,,Ultimate,Mega,Vaccine,God Man,,,https://wikimon.net/images/thumb/4/4d/Jougamon.jpg/120px-Jougamon.jpg
Jumbo Gamemon,JumboGamemon,JumboGamemon,Ultimate,Mega,Data,Cyborg,Shawujinmon,,https://wikimon.net/images/thumb/2/2f/Jumbogamemon.jpg/120px-Jumbogamemon.jpg
Jungle Mojyamon,J-Mojyamon,J-Mojyamon,Adult,Champion,Data,Rare Beast,,,https://wikimon.net/images/thumb/5/59/Junglemojyamon.jpg/120px-Junglemojyamon.jpg
Junkmon,Junkmon,,Child,Rookie,Virus,Puppet,,,https://wikimon.net/images/thumb/8/80/Junkmon.jpg/120px-Junkmon.jpg
Junomon,Junomon,Junomon,Ultimate,Mega,Virus,God Man,Junomon: Hysteric Mode,Junomon: Hysteric Mode,https://wikimon.net/images/thumb/8/89/Junomon.jpg/120px-Junomon.jpg
Junomon: Hysteric Mode,Junomon: Hysteric Mode,,Ultimate,Mega,Virus,God Man,Junomon,Junomon,https://wikimon.net/images/thumb/0/09/Junomon_hysteric.jpg/120px-Junomon_hysteric.jpg
Jupitermon,Jupitermon,,Ultimate,Mega,Vaccine,God Man,Aegiochusmon,Jupitermon: Wrath Mode,https://wikimon.net/images/thumb/e/e0/Jupitermon.jpg/120px-Jupitermon.jpg
Jupitermon: Wrath Mode,Jupitermon: Wrath Mode,,Ultimate,Mega,Vaccine,God Man,Jupitermon,,https://wikimon.net/images/thumb/1/1f/Jupitermon_wrath.jpg/120px-Jupitermon_wrath.jpg
Justimon (X-Antibody),Justimon (X Antibody),Justimon (X Antibody),Ultimate,Mega,Vaccine,Cyborg,Justimon: Accel Arm; Justimon: Blitz Arm; Justimon: Critical Arm,,https://wikimon.net/images/thumb/1/1e/Justimonx.jpg/120px-Justimonx.jpg
Justimon: Accel Arm,Justimon: Accel Arm,Justimon: Accel Arm,Ultimate,Mega,Vaccine,Cyborg,Justimon: Blitz Arm; Justimon: Critical Arm,Justimon (X-Antibody); Justimon: Blitz Arm; Justimon: Critical Arm,https://wikimon.net/images/thumb/7/7c/Justimon.jpg/120px-Justimon.jpg
Justimon: Blitz Arm,Justimon: Blitz Arm,Justimon: Blitz Arm,Ultimate,Mega,Vaccine,Cyborg,Cyberdramon; Justimon: Accel Arm; Justimon: Critical Arm; Monodramon; Revolmon,Justimon (X-Antibody); Justimon: Accel Arm; Justimon: Critical Arm,https://wikimon.net/images/thumb/6/6f/Justimon_trinityarm.jpg/120px-Justimon_trinityarm.jpg
Justimon: Critical Arm,Justimon: Critical Arm,Justimon: Critical Arm,Ultimate,Mega,Vaccine,Cyborg,Justimon: Accel Arm; Justimon: Blitz Arm,Justimon (X-Antibody); Justimon: Accel Arm; Justimon: Blitz Arm,https://wikimon.net/images/thumb/a/ad/Justimon_criticalarm.jpg/120px-Justimon_criticalarm.jpg
Jyagamon,Jagamon,Jagamon,Perfect,Ultimate,Vaccine,Plant,Potamon,Shoutmon X7: Superior Mode,https://wikimon.net/images/thumb/a/a6/Jyagamon.jpg/120px-Jyagamon.jpg
Jyarimon,Jyarimon,,Baby I,Baby I / Fresh / In-Training I,Free,Slime,,Boltmon; Death Meramon; Gigimon; Metal Garurumon; Shoutmon X7: Superior Mode,https://wikimon.net/images/thumb/c/c4/Jyarimon.jpg/120px-Jyarimon.jpg
Jyureimon,Cherrymon,Cherrymon,Perfect,Ultimate,Virus,Plant,Woodmon,Deathmon; Jyureimon (Christmas Tree); Pinochimon,https://wikimon.net/images/thumb/e/ec/Jyureimon.jpg/120px-Jyureimon.jpg
Jyureimon (Christmas Tree),Cherrymon,Cherrymon,Ultimate,Mega,Virus,Plant,Jyureimon,,https://wikimon.net/images/thumb/3/38/MerryChristmas_digimonweb.jpg/120px-MerryChristmas_digimonweb.jpg
Kabukimon,Kabukimon,Kabukimon,Armor,Armor,Free,Mutation,,,https://wikimon.net/images/thumb/e/e7/Kabukimon.jpg/120px-Kabukimon.jpg
Kabuterimon,Kabuterimon,,Adult,Champion,Vaccine,Insect,Tentomon,Atlur Kabuterimon (Blue); Atlur Kabuterimon (Red); Chimairamon; Kongoumon; Shoutmon X7: Superior Mode,https://wikimon.net/images/thumb/4/4a/Kabuterimon.jpg/120px-Kabuterimon.jpg
Kaguyamon,Kaguyamon,Kaguyamon,Ultimate,Mega,Data,Puppet,Hanimon; Karakurumon,,https://wikimon.net/images/thumb/f/fc/Kaguyamon.jpg/120px-Kaguyamon.jpg
Kaiser Greymon,EmperorGreymon,EmperorGreymon,Hybrid,Hybrid,Variable,Dragon Warrior,Aldamon; Vritramon,Susanoomon,https://wikimon.net/images/thumb/b/bc/Kaisergreymon.jpg/120px-Kaisergreymon.jpg
Kaiser Leomon,JagerLoweemon,JagerLoweemon,Hybrid,Hybrid,Variable,Cyborg,Löwemon; Velgrmon,Löwemon; Raihimon,https://wikimon.net/images/thumb/3/35/Kaiserleomon.jpg/120px-Kaiserleomon.jpg
Kakamon,Kakamon,Kakamon,Child,Rookie,Vaccine,Beast,,,https://wikimon.net/images/thumb/1/1e/Kakamon.jpg/120px-Kakamon.jpg
Kakkinmon,Kakkinmon,,Baby II,Baby II / In-Training / In-Training II,Free,Armor,Cotsucomon,Ludomon,https://wikimon.net/images/thumb/9/90/Kakkinmon.jpg/120px-Kakkinmon.jpg
Kaminarimon,Kaminarimon,,,,,,,,https://wikimon.net/images/thumb/c/c7/Kaminarimon_V_Jump_01.1999.jpeg/79px-Kaminarimon_V_Jump_01.1999.jpeg
Kandoushichaundamon,Kandoushichaundamon,,,,,,,,https://wikimon.net/images/thumb/6/61/Digimon_noimage.jpg/120px-Digimon_noimage.jpg
Kangarumon,Kangarumon,Kangarumon,Armor,Armor,Free,Mammal,,,https://wikimon.net/images/thumb/f/f3/Kangarumon.jpg/120px-Kangarumon.jpg
Karakurumon,Karakurumon,,Perfect,Ultimate,Data,Puppet,Kokeshimon,Kaguyamon,https://wikimon.net/images/thumb/4/4f/Karakurumon.jpg/120px-Karakurumon.jpg
Karatenmon,Karatenmon,Karatenmon,Perfect,Ultimate,Virus,Demon Man,,Tengumon,https://wikimon.net/images/thumb/c/c2/Karatenmon.jpg/120px-Karatenmon.jpg
Karatuki Numemon,ShellNumemon,ShellNumemon,Adult,Champion,Virus,Crustacean,Numemon,,https://wikimon.net/images/thumb/6/6b/Karatukinumemon.jpg/120px-Karatukinumemon.jpg
Kaus Gammamon,KausGammamon,KausGammamon,Adult,Champion,Data,Dragon Man,Betel Gammamon; Gammamon,Canoweissmon; Wezen Gammamon,https://wikimon.net/images/thumb/1/16/Kausgammamon.jpg/120px-Kausgammamon.jpg
Kazuchimon,Kazuchimon,,Ultimate,Mega,Vaccine,God Man,Boutmon,Fenriloogamon: Takemikazuchi,https://wikimon.net/images/thumb/3/3a/Kazuchimon.jpg/120px-Kazuchimon.jpg
Keemon,Keemon,Keemon,Baby I,Baby I / Fresh / In-Training I,Free,Slime,,Yarmon,https://wikimon.net/images/thumb/5/52/Keemon.jpg/120px-Keemon.jpg
Kekkomon,Kekkomon,,Baby II,Baby II / In-Training / In-Training II,,Lesser,Kekomon,Gekkomon,https://wikimon.net/images/thumb/4/4f/Kekkomon.jpg/120px-Kekkomon.jpg
Kekomon,Kekomon,Kekomon,Baby I,Baby I / Fresh / In-Training I,,Slime,,Kekkomon,https://wikimon.net/images/thumb/9/9c/Kekomon.jpg/120px-Kekomon.jpg
Kenkimon,Kenkimon,Kenkimon,Armor,Armor,Data,Machine,Armadimon,,https://wikimon.net/images/thumb/f/f9/Kenkimon.jpg/120px-Kenkimon.jpg
Keramon,Keramon,Keramon,Child,Rookie,Free,Species Unknown,Tsumemon,Chrysalimon; Diablomon; Infermon; Keramon (X-Antibody),https://wikimon.net/images/thumb/1/12/Keramon.jpg/120px-Keramon.jpg
Keramon (X-Antibody),Keramon (X-Antibody),,Child,Rookie,Free,Species Unknown,Keramon,Diablomon (X-Antibody),https://wikimon.net/images/thumb/0/00/Keramonx.jpg/120px-Keramonx.jpg
Ketomon,Ketomon,Ketomon,Baby I,Baby I / Fresh / In-Training I,Data,Slime,Digitama,Hopmon,https://wikimon.net/images/thumb/f/f8/Ketomon.jpg/120px-Ketomon.jpg
King Chessmon,King Chessmon,,Ultimate,Mega,Virus,Puppet,,,https://wikimon.net/images/thumb/c/cd/Kingchessmon.jpg/120px-Kingchessmon.jpg
King Etemon,KingEtemon,KingEtemon,Ultimate,Mega,Virus,Puppet,Etemon,,https://wikimon.net/images/thumb/b/b5/Kingetemon.jpg/120px-Kingetemon.jpg
King Hangyomon,KingDivermon,KingDivermon,,,,,,,https://wikimon.net/images/thumb/6/6e/Kinghangyomon.png/120px-Kinghangyomon.png
King Whamon,KingWhamon,KingWhamon,Ultimate,Mega,Vaccine,Aquatic Mammal,Whamon Perfect,,https://wikimon.net/images/thumb/2/2a/Kingwhamon.jpg/120px-Kingwhamon.jpg
Kinkakumon,Kinkakumon,,Adult,Champion,Virus,Oni,,Ginkakumon Promote,https://wikimon.net/images/thumb/e/ee/Kinkakumon.jpg/120px-Kinkakumon.jpg
Kita Kitsunemon,Kita Kitsunemon,,Armor,Armor,,,Gabumon,,https://wikimon.net/images/thumb/6/61/Digimon_noimage.jpg/120px-Digimon_noimage.jpg
Kiwimon,Kiwimon,Kiwimon,Adult,Champion,Data,Ancient Bird,Floramon,Blossomon; Shoutmon X7: Superior Mode; Sirenmon,https://wikimon.net/images/thumb/e/e1/Kiwimon.jpg/120px-Kiwimon.jpg
Knight Chessmon (Black),Knight Chessmon (Black),,Adult,Champion,Virus,Puppet,Knight Chessmon (White); Pawn Chessmon (Black),Rook Chessmon (Black),https://wikimon.net/images/thumb/f/fb/Knightchessmon_black.jpg/120px-Knightchessmon_black.jpg
Knight Chessmon (White),Knight Chessmon (White),,Adult,Champion,Virus,Puppet,Pawn Chessmon (White),Bishop Chessmon (White); Knight Chessmon (Black),https://wikimon.net/images/thumb/b/b7/Knightchessmon_white.jpg/120px-Knightchessmon_white.jpg
Knightmon,Knightmon,,Perfect,Ultimate,Data,Warrior,Gladimon,Duftmon; Knightmon Wise Sword Mode; Lord Knightmon; Shoutmon X4K; Shoutmon X7: Superior Mode,https://wikimon.net/images/thumb/2/23/Knightmon.jpg/120px-Knightmon.jpg
Knightmon Wise Sword Mode,Knightmon Wise Sword Mode,,No Level,,,,Knightmon; Wisemon,,https://wikimon.net/images/thumb/0/02/Knightmon_wise_sword.jpg/120px-Knightmon_wise_sword.jpg
Kodokugumon Baby,Kodokugumon Baby,,Baby II,Baby II / In-Training / In-Training II,Virus,Insect,,Dokugumon,https://wikimon.net/images/thumb/1/1e/Kodokugumon_new_century.png/120px-Kodokugumon_new_century.png
Kodokugumon Child,KoDokugumon,KoDokugumon,Child,Rookie,Virus,Insect,,,https://wikimon.net/images/thumb/7/78/Kodokugumon2.jpg/120px-Kodokugumon2.jpg
Koemon,Monmon,Monmon,Child,Rookie,Virus,Beast,,Maquinamon,https://wikimon.net/images/thumb/b/b8/Koemon.jpg/120px-Koemon.jpg
Kohagurumon,Kohagurumon,,No Level,,,,,,https://wikimon.net/images/thumb/f/f3/KoHagurumon_b.jpg/120px-KoHagurumon_b.jpg
Kokabuterimon,Kokabuterimon,,Child,Rookie,Virus,Insect,,,https://wikimon.net/images/thumb/1/1e/Kokabuterimon.jpg/120px-Kokabuterimon.jpg
Kokeshimon,Kokeshimon,,Adult,Champion,Data,Puppet,Hanimon,Karakurumon,https://wikimon.net/images/thumb/3/3f/Kokeshimon.jpg/120px-Kokeshimon.jpg
Kokuwamon,Kokuwamon,Kokuwamon,Child,Rookie,Data,Machine,,Guardromon; Kokuwamon (X-Antibody); Shoutmon X7: Superior Mode,https://wikimon.net/images/thumb/7/7e/Kokuwamon.jpg/120px-Kokuwamon.jpg
Kokuwamon (X-Antibody),Kokuwamon (X-Antibody),,Child,Rookie,Data,Machine,Kokuwamon,,https://wikimon.net/images/thumb/7/7b/Kokuwamonx.jpg/120px-Kokuwamonx.jpg
Komondomon,Komondomon,,Adult,Champion,Data,Beast,,,https://wikimon.net/images/thumb/b/b4/Komondomon.jpg/120px-Komondomon.jpg
Kongoumon,Kongoumon,,Armor,Armor,Free,Insect,Kabuterimon; Wormmon,Shoutmon X7: Superior Mode,https://wikimon.net/images/thumb/7/73/Kongoumon.jpg/120px-Kongoumon.jpg
Koromon,Koromon,Koromon,Baby II,Baby II / In-Training / In-Training II,Data,Lesser,Botamon; Digitama,Agumon; Agumon (2006 Anime Version); Agumon (Black); Agumon Hakase; Betamon; Shoutmon X7: Superior Mode; Yuki Agumon,https://wikimon.net/images/thumb/6/6e/Koromon.jpg/120px-Koromon.jpg
Kotemon,Kotemon,,Child,Rookie,Data,Reptile,,Gladimon; Shoutmon X7: Superior Mode; Xros Up Gumdramon (Kotemon),https://wikimon.net/images/thumb/f/f8/Kotemon.jpg/120px-Kotemon.jpg
Kougamon,Kogamon,Kogamon,Adult,Champion,Data,Mutation,,,https://wikimon.net/images/thumb/7/72/Kougamon.jpg/120px-Kougamon.jpg
Kozenimon,Kozenimon,,Baby II,Baby II / In-Training / In-Training II,,Mutation,,,https://wikimon.net/images/thumb/e/ee/Kozenimon.jpg/120px-Kozenimon.jpg
Kudamon,Kudamon,,Child,Rookie,Vaccine,Holy Beast,,,https://wikimon.net/images/thumb/5/52/Kudamon.jpg/120px-Kudamon.jpg
Kudamon (2006 Anime Version),Kudamon (2006 Anime Version),,Child,Rookie,Vaccine,Holy Beast,,Mitamamon; Reppamon; Sleipmon; Tyilinmon,https://wikimon.net/images/thumb/e/e4/Kudamon2006.jpg/120px-Kudamon2006.jpg
Kumbhiramon,Kumbhiramon,Kumbhiramon,Perfect,Ultimate,Vaccine,Holy Beast,,,https://wikimon.net/images/thumb/3/37/Kumbhiramon.jpg/120px-Kumbhiramon.jpg
Kunemon,Kunemon,Kunemon,Child,Rookie,Virus,Larva,,Bancho Stingmon; Flymon; Jewelbeemon; Shoutmon X7: Superior Mode,https://wikimon.net/images/thumb/1/11/Kunemon.jpg/120px-Kunemon.jpg
Kuramon,Kuramon,,Baby I,Baby I / Fresh / In-Training I,Free,Species Unknown,Digitama,Armagemon; Diablomon; Tsumemon,https://wikimon.net/images/thumb/1/1f/Kuramon.jpg/120px-Kuramon.jpg
Kuwagamon,Kuwagamon,Kuwagamon,Adult,Champion,Virus,Insect,,Chimairamon; Kuwagamon (X-Antibody); Megadramon; Metal Tyranomon; Okuwamon,https://wikimon.net/images/thumb/2/20/Kuwagamon.jpg/120px-Kuwagamon.jpg
Kuwagamon (X-Antibody),Kuwagamon (X Antibody),Kuwagamon (X Antibody),Adult,Champion,Virus,Insect,Kuwagamon,,https://wikimon.net/images/thumb/7/7e/Kuwagamonx.jpg/120px-Kuwagamonx.jpg
Kuzuhamon,Kuzuhamon,,Ultimate,Mega,Data,God Man,Doumon; Kuzuhamon: Miko Mode,Kuzuhamon: Miko Mode,https://wikimon.net/images/thumb/f/fd/Kuzuhamon.jpg/120px-Kuzuhamon.jpg
Kuzuhamon: Miko Mode,Kuzuhamon Maid Mode,Kuzuhamon Maid Mode,Ultimate,Mega,Data,God Man,Kuzuhamon,Kuzuhamon,https://wikimon.net/images/thumb/7/72/Kuzuhamon_miko.jpg/120px-Kuzuhamon_miko.jpg
Kyaromon,Kyaromon,,Baby II,Baby II / In-Training / In-Training II,,Lesser,,,https://wikimon.net/images/thumb/c/ca/Kyaromon2.jpg/120px-Kyaromon2.jpg
Kyokyomon,Kyokyomon,Kyokyomon,Baby II,Baby II / In-Training / In-Training II,Free,Lesser,,Ryudamon,https://wikimon.net/images/thumb/f/f2/Kyokyomon.jpg/120px-Kyokyomon.jpg
Kyubimon,Kyubimon,,Adult,Champion,Data,Bewitching Beast,Renamon,Taomon,https://wikimon.net/images/thumb/8/83/Kyubimon.jpg/120px-Kyubimon.jpg
Kyubimon (Silver),Kyubimon (Silver),,Adult,Champion,Vaccine,Bewitching Beast,,,https://wikimon.net/images/thumb/8/8a/Kyuubimon_vaccine.jpg/120px-Kyuubimon_vaccine.jpg
Kyukanchoumon,Kyukanchoumon,,Armor,Armor,,,Piyomon,,https://wikimon.net/images/thumb/6/61/Digimon_noimage.jpg/120px-Digimon_noimage.jpg
Kyukimon,Kyukimon,,Perfect,Ultimate,Virus,Bewitching Beast,,,https://wikimon.net/images/thumb/6/6e/Kyukimon.jpg/120px-Kyukimon.jpg
Labramon,Labramon,Labramon,Child,Rookie,Vaccine,Beast,Xiaomon,Anubimon; Cerberumon; Dobermon; Plutomon; Siesamon,https://wikimon.net/images/thumb/8/87/Labramon.jpg/120px-Labramon.jpg
Lady Devimon,LadyDevimon,LadyDevimon,Perfect,Ultimate,Virus,Fallen Angel,Angewomon; Botamon; Bubbmon,Apocalymon; Lady Devimon (X-Antibody); Lilithmon; Mastemon; Neo Vamdemon Darkness Mode (Vampire Army); Shoutmon X7: Superior Mode,https://wikimon.net/images/thumb/9/9c/Ladydevimon.jpg/120px-Ladydevimon.jpg
Lady Devimon (X-Antibody),Lady Devimon (X-Antibody),,Perfect,Ultimate,Virus,Fallen Angel,Lady Devimon,,https://wikimon.net/images/thumb/e/e8/Ladydevimonx.jpg/120px-Ladydevimonx.jpg
Laeus Greymon,Laeus Greymon,,Ultimate,Mega,Free,,,,https://wikimon.net/images/thumb/7/76/Reusgreymon.jpg/120px-Reusgreymon.jpg
Lalamon,Lalamon,Lalamon,Child,Rookie,Data,Plant,Budmon; Tanemon,Rosemon; Sunflowmon,https://wikimon.net/images/thumb/5/59/Lalamon.jpg/120px-Lalamon.jpg
Lamiamon,Lamiamon,,Perfect,Ultimate,Virus,Dragon Man,Dimetromon,Medusamon,https://wikimon.net/images/thumb/9/97/Lamiamon.jpg/120px-Lamiamon.jpg
Lamortmon,Lamortmon,,Perfect,Ultimate,Vaccine,Beast,Angoramon; Symbare Angoramon,Diarbbitmon,https://wikimon.net/images/thumb/3/37/Lamortmon.jpg/120px-Lamortmon.jpg
Lampmon,Lampmon,,Ultimate,Mega,Data,Demon Man,,,https://wikimon.net/images/thumb/2/2b/Lampmon.jpg/120px-Lampmon.jpg
Landramon,Landramon,Landramon,Adult,Champion,Virus,Mineral,Sunarizamon,Proganomon,https://wikimon.net/images/thumb/8/82/Landramon.jpg/120px-Landramon.jpg
Lavogaritamon,Lavogaritamon,,Perfect,Ultimate,Virus,Rock Dragon,Lavorvomon,Volcanicdramon,https://wikimon.net/images/thumb/8/8d/Lavogaritamon.jpg/120px-Lavogaritamon.jpg
Lavorvomon,Lavorvomon,,Adult,Champion,Virus,Rock Dragon,Vorvomon,Lavogaritamon,https://wikimon.net/images/thumb/8/85/Lavorvomon.jpg/120px-Lavorvomon.jpg
Leafmon,Leafmon,,Baby I,Baby I / Fresh / In-Training I,Free,Slime,Digitama,Minomon,https://wikimon.net/images/thumb/e/ea/Leafmon.jpg/120px-Leafmon.jpg
Lekismon,Lekismon,Lekismon,Adult,Champion,Data,Beast Man,Lunamon,Crescemon,https://wikimon.net/images/thumb/3/38/Lekismon.jpg/120px-Lekismon.jpg
Leomon,Leomon,,Adult,Champion,Vaccine,Beast Man,Elecmon; Gazimon; Mad Leomon,Grappu Leomon; Leomon (X-Antibody); Mad Leomon; Saber Leomon; Shoutmon X7: Superior Mode,https://wikimon.net/images/thumb/6/68/Leomon.jpg/120px-Leomon.jpg
Leomon (X-Antibody),Leomon (X-Antibody),,Adult,Champion,Vaccine,Beast Man,Leomon,,https://wikimon.net/images/thumb/1/1f/Leomonx.jpg/120px-Leomonx.jpg
Leviamon,Leviamon,Leviamon,Ultimate,Mega,Virus,Demon Lord,,Leviamon (X-Antibody); Ogudomon; Shoutmon X7: Superior Mode,https://wikimon.net/images/thumb/4/42/Leviamon.jpg/120px-Leviamon.jpg
Leviamon (X-Antibody),Leviamon (X Antibody),Leviamon (X Antibody),Ultimate,Mega,Virus,Demon Lord,Leviamon,Ogudomon (X-Antibody),https://wikimon.net/images/thumb/8/84/Leviamonx.jpg/120px-Leviamonx.jpg
Liamon,Liamon,,Adult,Champion,Vaccine,Holy Beast,Liollmon,Loader Leomon,https://wikimon.net/images/thumb/7/71/Liamon.jpg/120px-Liamon.jpg
Lianpumon,Lianpumon,,Adult,Champion,Data,Mutation,,,https://wikimon.net/images/thumb/b/b6/Lianpumon.jpg/120px-Lianpumon.jpg
Lighdramon,Lighdramon,Lighdramon,Armor,Armor,Free,Beast,V-mon,Dinobeemon,https://wikimon.net/images/thumb/b/bd/Lighdramon.jpg/120px-Lighdramon.jpg
Lilamon,Lilamon,,Perfect,Ultimate,Data,Fairy,Sunflowmon,Lotusmon; Rosemon; Shoutmon X7: Superior Mode,https://wikimon.net/images/thumb/7/74/Lilamon.jpg/120px-Lilamon.jpg
Lilimon,Lillymon,Lillymon,Perfect,Ultimate,Data,Fairy,Togemon,Bancho Lilimon; Lilimon (X-Antibody); Rosemon; Shoutmon X7: Superior Mode,https://wikimon.net/images/thumb/a/a8/Lilimon.jpg/120px-Lilimon.jpg
Lilimon (X-Antibody),Lillymon (X Antibody),Lillymon (X Antibody),Perfect,Ultimate,Data,Fairy,Lilimon,,https://wikimon.net/images/thumb/9/91/Lilimonx.jpg/120px-Lilimonx.jpg
Lilithmon,Lilithmon,Lilithmon,Ultimate,Mega,Virus,Demon Lord,Lady Devimon; Ofanimon; Ofanimon: Falldown Mode,Dark Knightmon (Lilithmon); Gattai Lilithmon; Lilithmon (X-Antibody); Majuu Lilithmon; Ogudomon,https://wikimon.net/images/thumb/7/79/Lilithmon.jpg/120px-Lilithmon.jpg
Lilithmon (X-Antibody),Lilithmon (X-Antibody),,Ultimate,Mega,Virus,Demon Lord,Lilithmon,Ogudomon (X-Antibody),https://wikimon.net/images/thumb/7/70/Lilithmonx.jpg/120px-Lilithmonx.jpg
Liollmon,Liollmon,Liollmon,Child,Rookie,Vaccine,Holy Beast,Frimon,Cougarmon; Liamon,https://wikimon.net/images/thumb/7/7f/Liollmon.jpg/120px-Liollmon.jpg
Liskmon,Liskmon,,Adult,Champion,Vaccine,Bird Dragon,Gemmon,Reptilimon,https://wikimon.net/images/thumb/5/5b/Liskmon_alysion.png/86px-Liskmon_alysion.png
Loader Leomon,LoaderLeomon,LoaderLeomon,Perfect,Ultimate,Vaccine,Machine,Liamon,Baihumon,https://wikimon.net/images/thumb/8/88/Loaderliomon.jpg/120px-Loaderliomon.jpg
Locomon,Locomon,Locomon,Perfect,Ultimate,Data,Machine,,Grand Locomon,https://wikimon.net/images/thumb/3/3e/Locomon2.jpg/120px-Locomon2.jpg
Loogamon,Loogamon,Loogamon,Child,Rookie,Virus,Demon Beast,Bowmon,Loogarmon; Soloogarmon,https://wikimon.net/images/thumb/6/6e/Loogamon.jpg/120px-Loogamon.jpg
Loogarmon,Loogarmon,,Adult,Champion,Virus,Demon Beast,Loogamon,Helloogarmon; Soloogarmon,https://wikimon.net/images/thumb/7/70/Loogarmon.jpg/120px-Loogarmon.jpg
Lopmon,Lopmon,,Child,Rookie,Data,Beast,Chocomon; Cocomon,Andiramon (Deva); Cherubimon (Vice); Cherubimon (Virtue); Lopmon (X-Antibody); Shoutmon X7: Superior Mode; Turuiemon; Wendimon; White Lopmon,https://wikimon.net/images/thumb/a/af/Lopmon.jpg/120px-Lopmon.jpg
Lopmon (X-Antibody),Lopmon (X Antibody),Lopmon (X Antibody),Child,Rookie,Data,Beast,Lopmon,,https://wikimon.net/images/thumb/d/d2/Lopmonx.jpg/120px-Lopmonx.jpg
Lord Knightmon,LordKnightmon,LordKnightmon,Ultimate,Mega,Virus,Holy Knight,Knightmon,Lord Knightmon (X-Antibody),https://wikimon.net/images/thumb/5/51/Lordknightmon.jpg/120px-Lordknightmon.jpg
Lord Knightmon (X-Antibody),LordKnightmon (X Antibody),LordKnightmon (X Antibody),Ultimate,Mega,Virus,Holy Knight,Lord Knightmon,,https://wikimon.net/images/thumb/5/53/Lordknightmonx.jpg/120px-Lordknightmonx.jpg
Lotusmon,Lotosmon,Lotosmon,Ultimate,Mega,Data,Fairy,Floramon; Lilamon,,https://wikimon.net/images/thumb/3/32/Lotusmon.jpg/120px-Lotusmon.jpg
Loudmon,Loudmon,Loudmon,Perfect,Ultimate,Virus,Cyborg,Punkmon,Heavy Metaldramon,https://wikimon.net/images/thumb/9/99/Loudmon.jpg/120px-Loudmon.jpg
Lovely Angemon,Lovely Angemon,,Ultimate,Mega,Vaccine,Warrior,Angewomon; Plotmon,,https://wikimon.net/images/thumb/c/ca/Lovelyangemon.jpg/120px-Lovelyangemon.jpg
Löwemon,Loweemon,Loweemon,Hybrid,Hybrid,Variable,Warrior,Duskmon; Kaiser Leomon,Ancient Sphinxmon; Duskmon; Kaiser Leomon; Raihimon,https://wikimon.net/images/thumb/f/f7/Lowemon2.jpg/120px-Lowemon2.jpg
Lucemon,Lucemon,,Child,Rookie,Vaccine,Angel,,Lucemon: Falldown Mode; Lucemon: Satan Mode,https://wikimon.net/images/thumb/e/e7/Lucemon2.jpg/120px-Lucemon2.jpg
Lucemon (X-Antibody),Lucemon (X Antibody),Lucemon (X Antibody),Ultimate,Mega,Virus,Demon Lord,Lucemon: Falldown Mode,Ogudomon (X-Antibody),https://wikimon.net/images/thumb/9/95/Lucemonx.jpg/120px-Lucemonx.jpg
Lucemon: Falldown Mode,Lucemon: Chaos Mode,Lucemon: Chaos Mode,Perfect,Ultimate,Virus,Demon Lord,Lucemon,Lucemon (X-Antibody); Lucemon: Larva; Lucemon: Satan Mode; Ogudomon,https://wikimon.net/images/thumb/7/76/Lucemon_falldown.jpg/120px-Lucemon_falldown.jpg
Lucemon: Larva,Lucemon: Larva,Lucemon: Larva,Ultimate,Mega,Virus,Demon God,Lucemon: Falldown Mode,,https://wikimon.net/images/thumb/3/31/Lucemon_larva.jpg/120px-Lucemon_larva.jpg
Lucemon: Satan Mode,Lucemon: Satan Mode,Lucemon: Satan Mode,Ultimate,Mega,Virus,Demon God,Lucemon; Lucemon: Falldown Mode,,https://wikimon.net/images/thumb/f/f6/Lucemon_satan2.jpg/120px-Lucemon_satan2.jpg
Ludomon,Ludomon,,Child,Rookie,Data,Armor,Kakkinmon,Tia Ludomon,https://wikimon.net/images/thumb/0/03/Ludomon.jpg/120px-Ludomon.jpg
Luminamon,Luminamon,,Perfect,Ultimate,Vaccine,Fairy,Shademon,Luminamon (Nene Ver.),https://wikimon.net/images/thumb/d/d4/Luminamon.jpg/120px-Luminamon.jpg
Luminamon (Nene Ver.),Luminamon (Nene Version),Luminamon (Nene Version),Perfect,Ultimate,Vaccine,Composite,Luminamon; Shademon (Nene Ver.),,https://wikimon.net/images/thumb/c/c4/Luminamon_nene.jpg/120px-Luminamon_nene.jpg
Lunamon,Lunamon,,Child,Rookie,Data,Mammal,Moonmon,Dianamon; Lekismon; Shoutmon X7: Superior Mode,https://wikimon.net/images/thumb/5/57/Lunamon.jpg/120px-Lunamon.jpg
Luxmon,Luxmon,Luxmon,Child,Rookie,Vaccine,Angel,,,https://wikimon.net/images/thumb/8/83/Luxmon.jpg/120px-Luxmon.jpg
Lykamon,Lykamon,,Ultimate,Mega,,,,,https://wikimon.net/images/thumb/2/22/V-TamerHotBlooded_Lykamon.jpg/113px-V-TamerHotBlooded_Lykamon.jpg
Lynxmon,Lynxmon,Lynxmon,Armor,Armor,Free,Beast,,Shoutmon X7: Superior Mode,https://wikimon.net/images/thumb/c/c4/Lynxmon.jpg/120px-Lynxmon.jpg
Mach Gaogamon,MachGaogamon,MachGaogamon,Perfect,Ultimate,Data,Cyborg,Gaogamon; Gaomon; Tunomon,Mirage Gaogamon; Z'd Garurumon,https://wikimon.net/images/thumb/d/d8/Machgaogamon.jpg/120px-Machgaogamon.jpg
Mach Leomon,Mach Leomon,,No Level,,,,,Mush-Upped Mach Leomon,https://wikimon.net/images/thumb/f/f4/Machleomon.jpg/120px-Machleomon.jpg
Machmon,Machmon,Machmon,Adult,Champion,Vaccine,Cyborg,,,https://wikimon.net/images/thumb/6/69/Machmon.jpg/120px-Machmon.jpg
Mad Leomon,MadLeomon,MadLeomon,Adult,Champion,Virus,Undead,Leomon,Leomon; Mad Leomon (Final Mode); Mad Leomon (Orochi Mode); Mad Leomon: Armed Mode,https://wikimon.net/images/thumb/9/97/Madleomon2.jpg/120px-Madleomon2.jpg
Mad Leomon (Final Mode),Mad Leomon (Final Mode),,No Level,,,,Mad Leomon,,https://wikimon.net/images/thumb/0/0a/Madleomon_final.jpg/120px-Madleomon_final.jpg
Mad Leomon (Orochi Mode),MadLeomon (Orochimode),MadLeomon (Orochimode),No Level,,,,Mad Leomon,,https://wikimon.net/images/thumb/5/54/Madleomon_orochi.jpg/120px-Madleomon_orochi.jpg
Mad Leomon: Armed Mode,MadLeomon: Armed Mode,MadLeomon: Armed Mode,Adult,Champion,Virus,Undead,Mad Leomon,,https://wikimon.net/images/thumb/4/4a/Madleomon_armed.jpg/120px-Madleomon_armed.jpg
Madomon,Madomon,,,,,,,,https://wikimon.net/images/thumb/5/5f/Madomon.jpg/120px-Madomon.jpg
Magna Garurumon,MagnaGarurumon,MagnaGarurumon,Hybrid,Hybrid,Variable,Cyborg,Beowolfmon; Magna Garurumon,Magna Garurumon; Susanoomon,https://wikimon.net/images/thumb/3/3d/Magnagarurumon.jpg/120px-Magnagarurumon.jpg
Magna Kidmon,Magna Kidmon,,Ultimate,Mega,Virus,Dragon Man,,,https://wikimon.net/images/thumb/c/ce/Magnakidmon.jpg/120px-Magnakidmon.jpg
Magnamon,Magnamon,Magnamon,Armor,Armor,Free,Holy Knight,V-mon; XV-mon,Magnamon (X-Antibody),https://wikimon.net/images/thumb/6/6d/Magnamon.jpg/120px-Magnamon.jpg
Magnamon (X-Antibody),Magnamon (X Antibody),Magnamon (X Antibody),Ultimate,Mega,Vaccine,Holy Knight,Magnamon; V-mon,,https://wikimon.net/images/thumb/d/d2/Magnamonx.jpg/120px-Magnamonx.jpg
Magneticdramon,Magneticdramon,,Ultimate,Mega,Virus,Rock Dragon,Pyramidimon,,https://wikimon.net/images/thumb/4/44/Magneticdramon.jpg/120px-Magneticdramon.jpg
Mail Birdramon,MailBirdramon,MailBirdramon,Adult,Champion,Data,Machine,,Decker Greymon; Grey Knightsmon; Mail Birdramon + Golemon; Metal Greymon (2010 Anime Version); Shoutmon X3GM,https://wikimon.net/images/thumb/e/ef/Mailbirdramon2.jpg/120px-Mailbirdramon2.jpg
Mail Birdramon + Golemon,Mail Birdramon + Golemon,,No Level,,,,Mail Birdramon,,https://wikimon.net/images/thumb/8/82/Mailbirdramon_golemon.jpg/120px-Mailbirdramon_golemon.jpg
Maildramon,Maildramon,Maildramon,Armor,Armor,Free,Cyborg,,Dark Maildramon; Shoutmon X7: Superior Mode,https://wikimon.net/images/thumb/5/50/Maildramon.jpg/120px-Maildramon.jpg
Majiramon,Majiramon,Majiramon,Perfect,Ultimate,Data,Holy Dragon,,,https://wikimon.net/images/thumb/e/e4/Majiramon.jpg/120px-Majiramon.jpg
Majuu Lilithmon,Evilbeast Laylamon,Evilbeast Laylamon,No Level,,,,Lilithmon,,https://wikimon.net/images/thumb/e/e5/Majuu_Lilithmon.png/120px-Majuu_Lilithmon.png
Makuramon,Makuramon,,Perfect,Ultimate,Data,Holy Beast,,,https://wikimon.net/images/thumb/f/f8/Makuramon.jpg/120px-Makuramon.jpg
Mamemon,Mamemon,,Perfect,Ultimate,Data,Mutation,Greymon; Seadramon,Catch Mamemon; Mamemon (X-Antibody); Prince Mamemon; Tonosama Mamemon,https://wikimon.net/images/thumb/c/c6/Mamemon.jpg/120px-Mamemon.jpg
Mamemon (X-Antibody),Mamemon (X Antibody),Mamemon (X Antibody),Perfect,Ultimate,Data,Mutation,Mamemon,,https://wikimon.net/images/thumb/c/cf/Mamemonx.jpg/120px-Mamemonx.jpg
Mametyramon,Mametyramon,,Perfect,Ultimate,Data,Mutation,,,https://wikimon.net/images/thumb/9/9b/Mametyramon2.jpg/120px-Mametyramon2.jpg
Mammon,Mammothmon,Mammothmon,Perfect,Ultimate,Vaccine,Ancient Beast,,Mad Leomon: Armed Mode; Mammon (X-Antibody); Shoutmon X7: Superior Mode; Skull Mammon,https://wikimon.net/images/thumb/0/0d/Mammon.jpg/120px-Mammon.jpg
Mammon (X-Antibody),Mammothmon (X Antibody),Mammothmon (X Antibody),Perfect,Ultimate,Vaccine,Ancient Beast,Mammon,,https://wikimon.net/images/thumb/5/5f/Mammonx.jpg/120px-Mammonx.jpg
Manbomon,Manbomon,Manbomon,Armor,Armor,Free,Mutation,Patamon,Shoutmon X7: Superior Mode,https://wikimon.net/images/thumb/4/4b/Manbomon.jpg/120px-Manbomon.jpg
Manekimon,Manekimon,,Adult,Champion,Vaccine,Puppet,,,https://wikimon.net/images/thumb/0/0e/Manekimon.jpg/120px-Manekimon.jpg
Maneuvermon,Maneuvermon,Maneuvermon,Perfect,Ultimate,Virus,Beast,Turbomon,Dalphomon,https://wikimon.net/images/thumb/0/0c/Maneuvermon.jpg/120px-Maneuvermon.jpg
Mantaraymon,Mantaraymon,,Armor,Armor,Free,Aquatic,,Mantaraymon (X-Antibody); Shoutmon X7: Superior Mode,https://wikimon.net/images/thumb/9/92/Mantaraymon.jpg/120px-Mantaraymon.jpg
Mantaraymon (X-Antibody),Mantaraymon (X Antibody),Mantaraymon (X Antibody),Adult,Champion,Vaccine,Aquatic,Mantaraymon,,https://wikimon.net/images/thumb/7/7d/Mantaraymonx.jpg/120px-Mantaraymonx.jpg
Manticoremon,Manticoremon,Manticoremon,Perfect,Ultimate,Virus,Demon Beast,,,https://wikimon.net/images/thumb/2/28/Manticoremon.jpg/120px-Manticoremon.jpg
Maquinamon,Maquinamon,Maquinamon,Child,Rookie,Data,Composite,,Mulemon; Turbomon,https://wikimon.net/images/thumb/6/6c/Maquinamon.jpg/120px-Maquinamon.jpg
Marin Angemon,MarineAngemon,MarineAngemon,Ultimate,Mega,Vaccine,Fairy,Pitchmon; Shakomon; Whamon Perfect,Shoutmon X7: Superior Mode,https://wikimon.net/images/thumb/b/b1/Marinangemon.jpg/120px-Marinangemon.jpg
Marin Bullmon,MarineBullmon,MarineBullmon,Perfect,Ultimate,Data,Mollusk,Sangomon; Shellmon,Ariemon; Ryugumon,https://wikimon.net/images/thumb/5/50/Marinbullmon.jpg/120px-Marinbullmon.jpg
Marin Chimairamon,MarineChimairamon,MarineChimairamon,Perfect,Ultimate,Vaccine,Composite,,,https://wikimon.net/images/thumb/d/d6/Marinchimairamon.jpg/120px-Marinchimairamon.jpg
Marin Devimon,MarineDevimon,MarineDevimon,Perfect,Ultimate,Virus,Aquatic Beast Man,Gesomon,,https://wikimon.net/images/thumb/b/b2/Marindevimon.jpg/120px-Marindevimon.jpg
Marsmon,Marsmon,Marsmon,Ultimate,Mega,Vaccine,God Man,Grappu Leomon,Shoutmon X7: Superior Mode,https://wikimon.net/images/thumb/b/b1/Marsmon2.jpg/120px-Marsmon2.jpg
Mastemon,Mastemon,,Ultimate,Mega,Vaccine,Angel,Angewomon; Lady Devimon,,https://wikimon.net/images/thumb/4/4a/Mastemon.jpg/120px-Mastemon.jpg
Master,The Master,The Master,Ultimate,Mega,Free,,Huanglongmon,Huanglongmon: Ruin Mode; Plutomon (Fusion); Voltobautamon (Fusion),https://wikimon.net/images/thumb/3/32/Master_survive_model.png/120px-Master_survive_model.png
Master Blimpmon,MasterBlimpmon,MasterBlimpmon,Perfect,Ultimate,Data,Machine,Blimpmon,,https://wikimon.net/images/thumb/3/30/Masterblimpmon.jpg/120px-Masterblimpmon.jpg
Master Tyranomon,MasterTyrannomon,MasterTyrannomon,Perfect,Ultimate,Vaccine,Dinosaur,Dodomon; Tyranomon,Dinomon,https://wikimon.net/images/thumb/4/40/Mastertyranomon.jpg/120px-Mastertyranomon.jpg
Master V-dramon,MasterVeedramon,MasterVeedramon,Adult,Champion,Vaccine,Mythical Dragon,,,https://wikimon.net/images/4/4c/Mastervdramon_battle_dtb.png
Matadrmon,Matadormon,Matadormon,Perfect,Ultimate,Virus,Undead,,Grand Dracumon; Shoutmon X7: Superior Mode,https://wikimon.net/images/thumb/7/75/Matadrmon.jpg/120px-Matadrmon.jpg
Mechanorimon,Mekanorimon,Mekanorimon,Adult,Champion,Virus,Machine,,Shoutmon X7: Superior Mode,https://wikimon.net/images/thumb/8/89/Mechanorimon.jpg/120px-Mechanorimon.jpg
Medieval Dukemon,MedievalGallantmon,MedievalGallantmon,Ultimate,Mega,Data,Warrior,Dukemon; Wizarmon,Dukemon (X-Antibody),https://wikimon.net/images/thumb/f/f8/Medievaldukemon.jpg/120px-Medievaldukemon.jpg
Medusamon,Medusamon,,Ultimate,Mega,Virus,Dragon Man,Elizamon; Lamiamon,Styracomon,https://wikimon.net/images/thumb/6/6c/Medusamon.jpg/120px-Medusamon.jpg
Mega Black Shoutmon X7,Mega Black Shoutmon X7,,No Level,,,Composite,,,https://wikimon.net/images/thumb/6/68/Megablackshoutmonx7.jpg/120px-Megablackshoutmonx7.jpg
Mega Dark Knightmon,Mega Dark Knightmon,,No Level,,,Dark Knight,,,https://wikimon.net/images/thumb/0/04/Megadarkknightmon.jpg/120px-Megadarkknightmon.jpg
Mega Darkness Bagramon,Mega Darkness Bagramon,,No Level,,,Composite,Darkness Bagramon,,https://wikimon.net/images/thumb/5/5a/Megadarknessbagramon.jpg/120px-Megadarknessbagramon.jpg
Mega Decker Greymon,Mega Decker Greymon,,No Level,,,Enhancement,,,https://wikimon.net/images/thumb/8/8e/Megadeckergreymon.jpg/120px-Megadeckergreymon.jpg
Megadramon,Megadramon,,Perfect,Ultimate,Virus,Cyborg,Agumon; Airdramon; Bakumon; Cockatrimon; Devidramon; Kuwagamon; Monochromon,Deathmon; Dorbickmon Darkness Mode (Dragon Army); Mugendramon,https://wikimon.net/images/thumb/f/f2/Megadramon.jpg/120px-Megadramon.jpg
Mega Gran Kuwagamon,Mega Gran Kuwagamon,,No Level,,,Insect,,,https://wikimon.net/images/thumb/1/19/Megagrankuwagamon.jpg/120px-Megagrankuwagamon.jpg
Megalo Growmon,WarGrowlmon,WarGrowlmon,Perfect,Ultimate,Virus,Cyborg,Growmon; Guilmon,Dukemon; Megidramon; Megalo Growmon (X-Antibody),https://wikimon.net/images/thumb/1/1e/Megalogrowmon.jpg/120px-Megalogrowmon.jpg
Megalo Growmon (Orange),WarGrowlmon (Orange),WarGrowlmon (Orange),Perfect,Ultimate,Data,Cyborg,Dodomon; Growmon (Orange),,https://wikimon.net/images/thumb/4/44/Megalogrowmon_orange.jpg/120px-Megalogrowmon_orange.jpg
Megalo Growmon (X-Antibody),WarGrowlmon (X Antibody),WarGrowlmon (X Antibody),Perfect,Ultimate,Virus,Cyborg,Megalo Growmon,,https://wikimon.net/images/thumb/5/58/Megalogrowmonx.jpg/120px-Megalogrowmonx.jpg
Mega Muso Knightmon,Mega Muso Knightmon,,No Level,,,Enhancement,,,https://wikimon.net/images/thumb/9/9d/Megamusouknightmon.jpg/120px-Megamusouknightmon.jpg
Mega Seadramon,Mega Seadramon,,Perfect,Ultimate,Data,Aquatic,Seadramon,Mega Seadramon (X-Antibody); Metal Seadramon,https://wikimon.net/images/thumb/3/32/Megaseadramon.jpg/120px-Megaseadramon.jpg
Mega Seadramon (X-Antibody),MegaSeadramon (X Antibody),MegaSeadramon (X Antibody),Perfect,Ultimate,Data,Aquatic,Mega Seadramon,,https://wikimon.net/images/thumb/d/d7/Megaseadramonx.jpg/120px-Megaseadramonx.jpg
Megidramon,Megidramon,,Ultimate,Mega,Virus,Evil Dragon,,Chaos Dukemon; Megidramon (X-Antibody),https://wikimon.net/images/thumb/f/f4/Megidramon.jpg/120px-Megidramon.jpg
Megidramon (X-Antibody),Megidramon (X Antibody),Megidramon (X Antibody),Ultimate,Mega,Virus,Evil Dragon,Megidramon,,https://wikimon.net/images/thumb/6/6b/Megidramonx.jpg/120px-Megidramonx.jpg
Meicoomon,Meicoomon,Meicoomon,Adult,Champion,Free,Species Unknown,Meicoomon's Unnamed Child Form,Meicrackmon; Meicrackmon: Vicious Mode; Raguelmon; Rasielmon,https://wikimon.net/images/thumb/2/21/Meicoomon.jpg/120px-Meicoomon.jpg
Meicoomon's Unnamed Baby Form,Meicoomon's Unnamed Baby Form,,Baby II,Baby II / In-Training / In-Training II,,,Digitama,Meicoomon's Unnamed Child Form,https://wikimon.net/images/thumb/9/9b/Meicoomon_%28Baby%29.jpg/120px-Meicoomon_%28Baby%29.jpg
Meicoomon's Unnamed Child Form,Meicoomon's Unnamed Child Form,,Child,Rookie,,,Meicoomon's Unnamed Baby Form,Meicoomon,https://wikimon.net/images/thumb/4/4c/Meicoomon_%28Child%29.jpg/120px-Meicoomon_%28Child%29.jpg
Meicrackmon,Maycrackmon,Maycrackmon,Perfect,Ultimate,Vaccine,Beast Man,Meicoomon,Meicrackmon: Vicious Mode; Rasielmon,https://wikimon.net/images/thumb/a/aa/Meicrackmon.jpg/120px-Meicrackmon.jpg
Meicrackmon: Vicious Mode,Maycrackmon: Vicious Mode,Maycrackmon: Vicious Mode,Perfect,Ultimate,Free,Species Unknown,Meicoomon; Meicrackmon; Pucchiemon,Raguelmon,https://wikimon.net/images/thumb/e/e4/Meicrackmon_vicious.jpg/120px-Meicrackmon_vicious.jpg
Mephismon,Mephistomon,Mephistomon,Perfect,Ultimate,Virus,Fallen Angel,Apocalymon; Wizarmon,Gulfmon; Mephismon (X-Antibody),https://wikimon.net/images/thumb/5/5b/Mephismon.jpg/120px-Mephismon.jpg
Mephismon (X-Antibody),Mephistomon (X Antibody),Mephistomon (X Antibody),Perfect,Ultimate,Virus,Fallen Angel,Mephismon,,https://wikimon.net/images/thumb/0/07/Mephismonx.jpg/120px-Mephismonx.jpg
Meramon,Meramon,Meramon,Adult,Champion,Data,Flame,Agumon; Impmon; Peti Meramon,Death Meramon; Gattai Ancient Volcamon; Meramon (X-Antibody),https://wikimon.net/images/thumb/c/cc/Meramon.jpg/120px-Meramon.jpg
Meramon (X-Antibody),Meramon (X Antibody),Meramon (X Antibody),Adult,Champion,Data,Flame,Meramon,,https://wikimon.net/images/thumb/9/9d/Meramonx.jpg/120px-Meramonx.jpg
Mercuremon,Mercurymon,Mercurymon,Hybrid,Hybrid,Variable,Mutation,,Black Seraphimon; Sephirothmon; Shoutmon X7: Superior Mode,https://wikimon.net/images/thumb/a/a1/Mercuremon.jpg/120px-Mercuremon.jpg
Mercurymon,Merukimon,Merukimon,Ultimate,Mega,Virus,God Man,,,https://wikimon.net/images/thumb/f/f4/Mercurymon.jpg/120px-Mercurymon.jpg
Mermaimon,Mermaimon,Mermaimon,Perfect,Ultimate,Data,Aquatic Beast Man,Shakomon,Shoutmon X7: Superior Mode,https://wikimon.net/images/thumb/4/40/Mermaimon.jpg/120px-Mermaimon.jpg
Mervamon,Mervamon,,Ultimate,Mega,Virus,God Man,Minervamon,Jet Mervamon; Mervamon Wide Hi-Vision Sword; Shoutmon X10; Shoutmon X7: Superior Mode; Xros Up Mervamon (Beelzebumon),https://wikimon.net/images/thumb/b/bf/Mervamon.jpg/120px-Mervamon.jpg
Mervamon Wide Hi-Vision Sword,<!--Mervision Mind Scan-->,<!--Mervision Mind Scan-->,No Level,,,,Mervamon,,https://wikimon.net/images/thumb/1/1a/Mervamon_wide_hi_vision_sword.jpg/120px-Mervamon_wide_hi_vision_sword.jpg
Metal Etemon,Metal Etemon,,Ultimate,Mega,Virus,Cyborg,Etemon; Etemon Chaos,,https://wikimon.net/images/thumb/1/10/Metaletemon.jpg/120px-Metaletemon.jpg
Metal Fantomon,MetalPhantomon,MetalPhantomon,Perfect,Ultimate,Data,Cyborg,,Gokumon,https://wikimon.net/images/thumb/1/1e/Metalfantomon.jpg/120px-Metalfantomon.jpg
Metal Garurumon,MetalGarurumon,MetalGarurumon,Ultimate,Mega,Data,Cyborg,Gabumon; Garurumon; Jyarimon; Were Garurumon; Were Garurumon: Sagittarius Mode,Metal Garurumon (X-Antibody); Omegamon; Omegamon (X-Antibody); Omegamon Zwart; Shoutmon X7: Superior Mode,https://wikimon.net/images/thumb/2/25/Metalgarurumon.jpg/120px-Metalgarurumon.jpg
Metal Garurumon (Black),MetalGarurumon (Black),MetalGarurumon (Black),Ultimate,Mega,Virus,Cyborg,Garurumon (Black); Were Garurumon (Black),Omegamon Zwart,https://wikimon.net/images/thumb/a/a5/Metalgarurumon_black.jpg/120px-Metalgarurumon_black.jpg
Metal Garurumon (Red),Metal Garurumon (Red),,,,Data,Cyborg,,,https://wikimon.net/images/f/fe/MetalGarurumon_Red_vpet_xloader.png
Metal Garurumon (X-Antibody),MetalGarurumon (X Antibody),MetalGarurumon (X Antibody),Ultimate,Mega,Data,Cyborg,Metal Garurumon,Omegamon (X-Antibody),https://wikimon.net/images/thumb/0/0a/Metalgarurumonx.jpg/120px-Metalgarurumonx.jpg
"Metal Garurumon: ""G"" Erosion Mode","MetalGarurumon: ""G"" Invasion Mode","MetalGarurumon: ""G"" Invasion Mode",Ultimate,Mega,Vaccine,,,,https://wikimon.net/images/thumb/d/de/MetalGarurumon_G_Erosion_Mode.jpg/120px-MetalGarurumon_G_Erosion_Mode.jpg
Metal Greymon,MetalGreymon (Vaccine),MetalGreymon (Vaccine),Perfect,Ultimate,Vaccine,Cyborg,Agumon; Greymon,Black War Greymon; Blitz Greymon; Metal Greymon (X-Antibody); War Greymon,https://wikimon.net/images/thumb/d/d8/Metalgreymon.jpg/120px-Metalgreymon.jpg
Metal Greymon (2010 Anime Version),MetalGreymon (2010 Anime Version),MetalGreymon (2010 Anime Version),Perfect,Ultimate,Virus,Cyborg,Greymon (2010 Anime Version); Mail Birdramon,Decker Greymon; Grey Knightsmon; Metal Greymon + Cyber Launcher; Neo Vamdemon Darkness Mode (Metal Greymon); Rampage Greymon; Zeke Greymon,https://wikimon.net/images/thumb/6/6c/Metalgreymon_2010.jpg/120px-Metalgreymon_2010.jpg
Metal Greymon (Virus),MetalGreymon (Virus),MetalGreymon (Virus),Perfect,Ultimate,Virus,Cyborg,Agumon; Airdramon; Greymon; Greymon (Blue); Mochimon,Black War Greymon; Metal Greymon (Virus) (X-Antibody); Mugendramon,https://wikimon.net/images/thumb/1/1f/Metalgreymon_virus.jpg/120px-Metalgreymon_virus.jpg
Metal Greymon (Virus) (X-Antibody),MetalGreymon (Virus) (X Antibody),MetalGreymon (Virus) (X Antibody),Perfect,Ultimate,Virus,Cyborg,Metal Greymon (Virus),,https://wikimon.net/images/thumb/0/0d/Metalgreymon_virusx.jpg/120px-Metalgreymon_virusx.jpg
"Metal Greymon (Virus): ""G"" Erosion Mode","MetalGreymon (Virus): ""G"" Invasion Mode","MetalGreymon (Virus): ""G"" Invasion Mode",Perfect,Ultimate,Virus,,,,https://wikimon.net/images/thumb/b/b1/MetalGreymon_Virus_G_Erosion_Mode.jpg/120px-MetalGreymon_Virus_G_Erosion_Mode.jpg
Metal Greymon (X-Antibody),MetalGreymon (Vaccine) (X Antibody),MetalGreymon (Vaccine) (X Antibody),Perfect,Ultimate,Vaccine,Cyborg,Greymon (X-Antibody); Metal Greymon,,https://wikimon.net/images/thumb/2/23/Metalgreymonx.jpg/120px-Metalgreymonx.jpg
Metal Greymon + Cyber Launcher,MetalGreymon + Cyber Launcher,MetalGreymon + Cyber Launcher,Perfect,Ultimate,Virus,Enhancement,Metal Greymon (2010 Anime Version),,https://wikimon.net/images/thumb/7/71/Metalgreymon_cyberlauncher.jpg/120px-Metalgreymon_cyberlauncher.jpg
Metal Greymon: Alterous Mode,Metal Greymon: Alterous Mode,,Perfect,Ultimate,Vaccine,Cyborg,Metal Greymon,Blitz Greymon; Mugendramon; War Greymon,https://wikimon.net/images/thumb/d/d6/Metalgreymon_alterous.jpg/120px-Metalgreymon_alterous.jpg
"Metal Greymon: ""G"" Erosion Mode","MetalGreymon: ""G"" Invasion Mode","MetalGreymon: ""G"" Invasion Mode",Perfect,Ultimate,Vaccine,,,,https://wikimon.net/images/thumb/3/38/MetalGreymon_G_Erosion_Mode.jpg/120px-MetalGreymon_G_Erosion_Mode.jpg
Metallicdramon,Metallicdramon,Metallicdramon,Ultimate,Mega,Data,Sky Dragon,Jazarichmon,,https://wikimon.net/images/thumb/b/b5/Metallicdramon.jpg/120px-Metallicdramon.jpg
Metallife Kuwagamon,Metallife Kuwagamon,,Perfect,Ultimate,Virus,Insect,,,https://wikimon.net/images/thumb/f/f9/Metallifekuwagamon.jpg/120px-Metallifekuwagamon.jpg
Metal Mamemon,Metal Mamemon,,Perfect,Ultimate,Data,Cyborg,Bubbmon,Metal Mamemon (X-Antibody); Mugendramon,https://wikimon.net/images/thumb/c/cd/Metalmamemon.jpg/120px-Metalmamemon.jpg
Metal Mamemon (X-Antibody),MetalMamemon (X Antibody),MetalMamemon (X Antibody),Perfect,Ultimate,Data,Cyborg,Metal Mamemon,,https://wikimon.net/images/thumb/f/ff/Metalmamemonx.jpg/120px-Metalmamemonx.jpg
Metal Piranimon,Metal Piranimon,,Ultimate,Mega,Virus,Aquatic,,,https://wikimon.net/images/thumb/7/7d/Metalpiranimon.jpg/120px-Metalpiranimon.jpg
Metal Seadramon,Metal Seadramon,,Ultimate,Mega,Data,Cyborg,Mega Seadramon,Giga Seadramon,https://wikimon.net/images/thumb/6/63/Metalseadramon.jpg/120px-Metalseadramon.jpg
Metal Tyranomon,MetalTyrannomon,MetalTyrannomon,Perfect,Ultimate,Virus,Cyborg,Tyranomon,Metal Tyranomon (X-Antibody); Mugendramon; Rust Tyranomon; Xros Up Arresterdramon (Metal Tyranomon),https://wikimon.net/images/thumb/7/76/Metaltyranomon.jpg/120px-Metaltyranomon.jpg
Metal Tyranomon (X-Antibody),MetalTyrannomon (X Antibody),MetalTyrannomon (X Antibody),Perfect,Ultimate,Virus,Cyborg,Metal Tyranomon,,https://wikimon.net/images/thumb/0/0d/Metaltyranomonx.jpg/120px-Metaltyranomonx.jpg
Metamormon,Metamormon,,Ultimate,Mega,Virus,Mutation,,,https://wikimon.net/images/thumb/6/6b/Metamormon.jpg/120px-Metamormon.jpg
Metatromon,Metatromon,Metatromon,Ultimate,Mega,Vaccine,Machine,Mockingbirdmon,Ex Maquinamon,https://wikimon.net/images/thumb/d/de/Metatromon.jpg/120px-Metatromon.jpg
Mihiramon,Mihiramon,,Perfect,Ultimate,Data,Holy Beast,,,https://wikimon.net/images/thumb/5/5e/Mihiramon.jpg/120px-Mihiramon.jpg
Mikemon,Mikemon,Mikemon,Adult,Champion,Data,Beast,,,https://wikimon.net/images/thumb/e/e7/Mikemon.jpg/120px-Mikemon.jpg
Millenniumon,Millenniummon,Millenniummon,Ultimate,Mega,Virus,Composite,Chimairamon; Moon Millenniumon; Mugendramon,Moon Millenniumon; Zeed Millenniumon,https://wikimon.net/images/thumb/8/8a/Millenniumon.jpg/120px-Millenniumon.jpg
Mimicmon,Mimicmon,Mimicmon,Adult,Champion,Virus,Mutation,,,https://wikimon.net/images/thumb/d/de/Mimicmon.jpg/120px-Mimicmon.jpg
Minervamon,Minervamon,,Ultimate,Mega,Virus,God Man,Digitamamon,Mervamon; Minervamon (X-Antibody),https://wikimon.net/images/thumb/c/c7/Minervamon.jpg/120px-Minervamon.jpg
Minervamon (X-Antibody),Minervamon (X-Antibody),,Ultimate,Mega,Virus,God Man,Minervamon,,https://wikimon.net/images/thumb/6/6f/Minervamonx.jpg/120px-Minervamonx.jpg
Minidekachimon,Minidekachimon,,Child,Rookie,Data,Small Dragon,,Atamadekachimon,https://wikimon.net/images/thumb/9/92/Minidekachimon.jpg/120px-Minidekachimon.jpg
Minomon,Minomon,,Baby II,Baby II / In-Training / In-Training II,Free,Larva,Leafmon,Wormmon,https://wikimon.net/images/thumb/b/ba/Minomon.jpg/120px-Minomon.jpg
Minotaurmon,Minotarumon,Minotarumon,Adult,Champion,Virus,Beast Man,Gottsumon,,https://wikimon.net/images/thumb/f/fd/Minotaurmon.jpg/120px-Minotaurmon.jpg
Mirage Gaogamon,MirageGaogamon,MirageGaogamon,Ultimate,Mega,Data,Beast Knight,Gaomon; Mach Gaogamon; Poyomon; Tokomon,Mirage Gaogamon: Burst Mode,https://wikimon.net/images/thumb/1/18/Miragegaogamon.jpg/120px-Miragegaogamon.jpg
Mirage Gaogamon: Burst Mode,MirageGaogamon: Burst Mode,MirageGaogamon: Burst Mode,Ultimate,Mega,Data,Beast Knight,Mirage Gaogamon,,https://wikimon.net/images/thumb/8/86/Miragegaogamon_burst.jpg/120px-Miragegaogamon_burst.jpg
Mirror Ballmon,Mirror Ballmon,,No Level,,,,,,https://wikimon.net/images/thumb/6/61/Digimon_noimage.jpg/120px-Digimon_noimage.jpg
Missimon,Missimon,,Baby II,Baby II / In-Training / In-Training II,Free,Machine,,,https://wikimon.net/images/thumb/2/29/Missimon.jpg/120px-Missimon.jpg
Mistymon,Mistymon,Mistymon,Perfect,Ultimate,Virus,Magic Warrior,Wizarmon,,https://wikimon.net/images/thumb/6/68/Mistymon2.jpg/120px-Mistymon2.jpg
Mitamamon,Mitamamon,Mitamamon,Ultimate,Mega,Vaccine,God Beast,Kudamon (2006 Anime Version); Tyilinmon,,https://wikimon.net/images/thumb/9/91/Mitamamon.jpg/120px-Mitamamon.jpg
Mochimon,Motimon,Motimon,Baby II,Baby II / In-Training / In-Training II,Data,Lesser,Bubbmon,Grappu Leomon; Huckmon; Metal Greymon (Virus); Raremon; Shoutmon X7: Superior Mode; Tentomon; Vegimon,https://wikimon.net/images/thumb/2/29/Mochimon.jpg/120px-Mochimon.jpg
Mockingbirdmon,Mockingbirdmon,,Perfect,Ultimate,Vaccine,Machine,Mulemon,Metatromon,https://wikimon.net/images/thumb/f/f8/Mockingbirdmon.jpg/120px-Mockingbirdmon.jpg
Mococomon,Mococomon,,Baby II,Baby II / In-Training / In-Training II,Free,Smoke,Fukamon,,https://wikimon.net/images/thumb/b/b3/Mococomon.jpg/120px-Mococomon.jpg
Modoki Betamon,Modoki Betamon,,Child,Rookie,Data,Amphibian,,,https://wikimon.net/images/thumb/3/3f/Modokibetamon.jpg/120px-Modokibetamon.jpg
Mojyamon,Mojyamon,Mojyamon,Adult,Champion,Vaccine,Rare Beast,,Shoutmon X7: Superior Mode,https://wikimon.net/images/thumb/8/83/Mojyamon.jpg/120px-Mojyamon.jpg
Mokumon,Mokumon,,Baby I,Baby I / Fresh / In-Training I,Free,Smoke,,Peti Meramon; Shoutmon X7: Superior Mode,https://wikimon.net/images/thumb/3/34/Mokumon.jpg/120px-Mokumon.jpg
Monarch Lizamon,Monarchlizamon,Monarchlizamon,Perfect,Ultimate,Data,Cyborg,Arma Lizamon,,https://wikimon.net/images/thumb/6/6a/Monarchlizamon.jpg/120px-Monarchlizamon.jpg
Monimon,Monimon,,Baby II,Baby II / In-Training / In-Training II,,Braun,,Shoutmon X7: Superior Mode,https://wikimon.net/images/thumb/2/29/Monimon.jpg/120px-Monimon.jpg
Monitamon,Monitamon,,Child,Rookie,Data,Braun,,Hi-Vision Monitamon; Shonitamon; Shoutmon X7: Superior Mode,https://wikimon.net/images/thumb/8/8c/Monitamon.jpg/120px-Monitamon.jpg
Monochromon,Monochromon,,Adult,Champion,Data,Ankylosaur,Bakumon; Gottsumon,Chimairamon; Megadramon; Monochromon (X-Antibody); Triceramon; Vermillimon,https://wikimon.net/images/thumb/1/16/Monochromon.jpg/120px-Monochromon.jpg
Monochromon (X-Antibody),Monochromon (X Antibody),Monochromon (X Antibody),Adult,Champion,Data,Ankylosaur,Monochromon,,https://wikimon.net/images/thumb/8/8c/Monochromonx.jpg/120px-Monochromonx.jpg
Monodramon,Monodramon,Monodramon,Child,Rookie,Vaccine,Small Dragon,Hopmon,Airdramon; Cyberdramon; Justimon: Blitz Arm; Rhamphomon; Shoutmon X7: Superior Mode; Strikedramon,https://wikimon.net/images/thumb/1/1d/Monodramon.jpg/120px-Monodramon.jpg
Monzaemon,Monzaemon,Monzaemon,Perfect,Ultimate,Vaccine,Puppet,Numemon,Giga Waru Monzaemon; Lilithmon; Monzaemon (X-Antibody); Shin Monzaemon; Shoutmon X7: Superior Mode; Waru Monzaemon,https://wikimon.net/images/thumb/5/5f/Monzaemon.jpg/120px-Monzaemon.jpg
Monzaemon (X-Antibody),Monzaemon (X Antibody),Monzaemon (X Antibody),Perfect,Ultimate,Vaccine,Puppet,Monzaemon,,https://wikimon.net/images/thumb/0/02/Monzaemonx.jpg/120px-Monzaemonx.jpg
Moon Millenniumon,MoonMillenniummon,MoonMillenniummon,Ultimate,Mega,Virus,Wicked God,Millenniumon; Shademon (Nene Ver.),Millenniumon; Zeed Millenniumon,https://wikimon.net/images/thumb/a/a3/Moonmillenniumon.jpg/120px-Moonmillenniumon.jpg
Moonmon,Moonmon,Moonmon,Baby II,Baby II / In-Training / In-Training II,,Lesser,,Lunamon,https://wikimon.net/images/thumb/8/8d/Moonmon.jpg/120px-Moonmon.jpg
Moosemon,Moosemon,Moosemon,Armor,Armor,Free,Ancient Beast,,,https://wikimon.net/images/thumb/9/98/Moosemon.jpg/120px-Moosemon.jpg
Mori Shellmon,Mori Shellmon,,Adult,Champion,Data,Mollusk,,,https://wikimon.net/images/thumb/e/ed/Morishellmon.jpg/120px-Morishellmon.jpg
Morphomon,Morphomon,,Child,Rookie,Vaccine,Insect,,Eosmon (Adult),https://wikimon.net/images/thumb/8/86/Morphomon.jpg/120px-Morphomon.jpg
Mothmon,Mothmon,Mothmon,Armor,Armor,Free,Insect,Patamon,,https://wikimon.net/images/thumb/9/9c/Mothmon.jpg/120px-Mothmon.jpg
Mu'oushou,Mu'oushou,,,,,,,,https://wikimon.net/images/thumb/e/ec/Puppetmon.png/76px-Puppetmon.png
Muchomon,Muchomon,Muchomon,Child,Rookie,Data,Bird,,Cockatrimon; Mugendramon; Peckmon,https://wikimon.net/images/thumb/f/f0/Muchomon.jpg/120px-Muchomon.jpg
Mugendramon,Machinedramon,Machinedramon,Ultimate,Mega,Virus,Machine,Agumon; Andromon; Bakumon; Megadramon; Metal Greymon (Virus); Metal Greymon: Alterous Mode; Metal Mamemon; Metal Tyranomon; Muchomon; Skull Greymon; Soulmon; Yuki Agumon,Chaosdramon; Hi Mugendramon; Millenniumon; War Greymon,https://wikimon.net/images/thumb/c/c1/Mugendramon.jpg/120px-Mugendramon.jpg
Mugendramon: MFS-3 Mode,Machinedramon: Type-3 (Modified) Mode,Machinedramon: Type-3 (Modified) Mode,Ultimate,Mega,Virus,,,,https://wikimon.net/images/thumb/1/1b/Mugendramon_MFS-3_Mode.jpg/120px-Mugendramon_MFS-3_Mode.jpg
Mulemon,Mulemon,,Adult,Champion,Vaccine,Machine,Maquinamon,Mockingbirdmon,https://wikimon.net/images/thumb/3/39/Mulemon.jpg/120px-Mulemon.jpg
Mummymon,Mummymon,Mummymon,Perfect,Ultimate,Virus,Undead,,Pharaohmon,https://wikimon.net/images/thumb/1/14/Mummymon.jpg/120px-Mummymon.jpg
Murasamemon,Murasamemon,,Perfect,Ultimate,Virus,Beast Man,Cougarmon,Habakirimon,https://wikimon.net/images/thumb/9/99/Murasamemon.jpg/120px-Murasamemon.jpg
Murmukusmon,Murmukusmon,Murmukusmon,Ultimate,Mega,Virus,Demon Lord,Darcmon; Hippogriffomon; Holy Angemon,Darcmon; Hippogriffomon,https://wikimon.net/images/thumb/1/12/Murmukusmon.jpg/120px-Murmukusmon.jpg
Mush-Upped Mach Leomon,Mush-Upped Mach Leomon,,No Level,,,,Mach Leomon,,https://wikimon.net/images/thumb/3/35/Mush-Upped_Mach_Leomon.jpg/52px-Mush-Upped_Mach_Leomon.jpg
Mushmon,Mushroomon,Mushroomon,Child,Rookie,Virus,Plant,Tanemon,Ballistamon MC; Red Vegimon; Shoutmon X7: Superior Mode; Woodmon,https://wikimon.net/images/thumb/7/74/Mushmon.jpg/120px-Mushmon.jpg
Muso Knightmon,MusouKnightmon,MusouKnightmon,Perfect,Ultimate,Virus,Enhancement,Dark Knightmon,,https://wikimon.net/images/thumb/3/3f/Musoknightmon.jpg/120px-Musoknightmon.jpg
Musyamon,Musyamon,Musyamon,Adult,Champion,Virus,Demon Man,,,https://wikimon.net/images/thumb/e/eb/Musyamon2.jpg/120px-Musyamon2.jpg
Namakemon,Namakemon,,Adult,Champion,Virus,Puppet,Pulsemon,,https://wikimon.net/images/thumb/d/dd/Namakemon.jpg/120px-Namakemon.jpg
Nanimon,Nanimon,Nanimon,Adult,Champion,Virus,Invade,,Shoutmon X7: Superior Mode,https://wikimon.net/images/thumb/e/e5/Nanimon.jpg/120px-Nanimon.jpg
Nanomon,Datamon,Datamon,Perfect,Ultimate,Virus,Machine,,Raijinmon; Shoutmon X7: Superior Mode,https://wikimon.net/images/thumb/7/7f/Nanomon.jpg/120px-Nanomon.jpg
Navimon,Navimon,,,,,Navigation,,,https://wikimon.net/images/thumb/7/7b/Navimon.jpg/120px-Navimon.jpg
Neamon,Neemon,Neemon,Child,Rookie,Data,Beast,,,https://wikimon.net/images/thumb/2/26/Neamon.jpg/120px-Neamon.jpg
Necromon,Necromon,,Ultimate,Mega,Virus,Ghost,Fantomon,Dullahamon,https://wikimon.net/images/thumb/8/83/Necromon.jpg/120px-Necromon.jpg
Nefertimon,Nefertimon,Nefertimon,Armor,Armor,Free,Holy Beast,Tailmon,Angewomon; Nefertimon (X-Antibody),https://wikimon.net/images/thumb/c/c8/Nefertimon.jpg/120px-Nefertimon.jpg
Nefertimon (X-Antibody),Nefertimon (X Antibody),Nefertimon (X Antibody),Adult,Champion,Vaccine,Holy Beast,Nefertimon,,https://wikimon.net/images/thumb/b/b4/Nefertimonx.jpg/120px-Nefertimonx.jpg
Negamon,Negamon,,Baby II,Baby II / In-Training / In-Training II,,,,Negamon (Evolved Form),https://wikimon.net/images/thumb/4/44/Negamon.jpg/120px-Negamon.jpg
Negamon (Evolved Form),Negamon (Evolved Form),,Perfect,Ultimate,,,Negamon,Abbadomon,https://wikimon.net/images/thumb/3/31/Kuzurumon.jpg/99px-Kuzurumon.jpg
Neo Devimon,Neo Devimon,,Perfect,Ultimate,Virus,Fallen Angel,Devimon,Done Devimon,https://wikimon.net/images/thumb/e/e0/Neodevimon.jpg/120px-Neodevimon.jpg
Neo Vamdemon,NeoMyotismon,NeoMyotismon,Ultimate,Mega,Virus,Undead,Vamdemon,Neo Vamdemon Darkness Mode (Vampire Army); Grand Generamon; Grand Generamon,https://wikimon.net/images/thumb/1/16/Neovamdemon.jpg/120px-Neovamdemon.jpg
Neo Vamdemon Darkness Mode (Vampire Army),NeoMyotismon Darkness Mode One,NeoMyotismon Darkness Mode One,No Level,,Virus,,Neo Vamdemon,Neo Vamdemon Darkness Mode (Metal Greymon),https://wikimon.net/images/thumb/c/c2/NeoVamdemon_DM_%28Vampire_Army%29.jpg/120px-NeoVamdemon_DM_%28Vampire_Army%29.jpg
Neo Vamdemon Darkness Mode (Metal Greymon),NeoMyotismon Darkness Mode Two,NeoMyotismon Darkness Mode Two,No Level,,Virus,,Neo Vamdemon Darkness Mode (Vampire Army),,https://wikimon.net/images/thumb/6/67/NeoVamdemon_DM_%28Metal_Greymon%29.jpg/120px-NeoVamdemon_DM_%28Metal_Greymon%29.jpg
Neo Vamdemon Darkness Mode + Shoutmon,Neo Vamdemon Darkness Mode + Shoutmon,,No Level,,,,Neo Vamdemon Darkness Mode (Metal Greymon),,https://wikimon.net/images/thumb/5/5a/NeoVamdemon_Darkness_Mode_%2B_Shoutmon_%2B_Lopmon.jpg/120px-NeoVamdemon_Darkness_Mode_%2B_Shoutmon_%2B_Lopmon.jpg
Neptunemon,Neptunemon,Neptunemon,Ultimate,Mega,Vaccine,God Man,Hangyomon,,https://wikimon.net/images/thumb/5/56/Neptunemon.jpg/120px-Neptunemon.jpg
Nezhamon,Nezhamon,,Ultimate,Mega,Data,Cyborg,,Nezhamon: Crimson Mode,https://wikimon.net/images/thumb/0/06/Nezhamon.jpg/120px-Nezhamon.jpg
Nezhamon: Crimson Mode,Nezhamon: Crimson Mode,Nezhamon: Crimson Mode,Ultimate,Mega,Data,Cyborg,Nezhamon,,https://wikimon.net/images/thumb/7/7b/Nezhamon_crimson.jpg/120px-Nezhamon_crimson.jpg
Nidhoggmon,Nidhoggmon,Nidhoggmon,Ultimate,Mega,Virus,Demon Dragon,Orochimon,,https://wikimon.net/images/thumb/5/53/Nidhoggmon.jpg/120px-Nidhoggmon.jpg
Night Chiropmon,Night Chiropmon,,Adult,Champion,Virus,Beast Man,Chiropmon,Scourge Chiropmon,https://wikimon.net/images/thumb/9/90/Nightchiropmon.jpg/120px-Nightchiropmon.jpg
Nikkorimon,Nikkorimon,,,,,,,,https://wikimon.net/images/thumb/6/61/Digimon_noimage.jpg/120px-Digimon_noimage.jpg
Nise Agumon Hakase,Fake Agumon Expert,Fake Agumon Expert,Child,Rookie,Virus,Dinosaur,,,https://wikimon.net/images/thumb/5/51/Niseagumon_hakase.jpg/120px-Niseagumon_hakase.jpg
Nise Drimogemon,NiseDrimogemon,NiseDrimogemon,Adult,Champion,Data,Beast,,,https://wikimon.net/images/thumb/d/d7/Nisedrimogemon.jpg/120px-Nisedrimogemon.jpg
Noble Pumpmon,NoblePumpkinmon,NoblePumpkinmon,Ultimate,Mega,Data,Puppet,Pumpmon,,https://wikimon.net/images/thumb/4/48/Noblepumpmon.jpg/120px-Noblepumpmon.jpg
Nohemon,Nohemon,,Armor,Armor,Free,Puppet,,,https://wikimon.net/images/thumb/c/c8/Nohemon.jpg/120px-Nohemon.jpg
Nosferamon,Nosferamon,Nosferamon,Ultimate,Mega,Virus,Undead,,,https://wikimon.net/images/thumb/0/09/Nosferamon.jpg/120px-Nosferamon.jpg
Numemon,Numemon,,Adult,Champion,Virus,Mollusk,,Black King Numemon; Gigantic Numemon; Karatuki Numemon; Monzaemon; Numemon (X-Antibody); Platinum Numemon; Shoutmon X7: Superior Mode,https://wikimon.net/images/thumb/1/1f/Numemon.jpg/120px-Numemon.jpg
Numemon (X-Antibody),Numemon (X Antibody),Numemon (X Antibody),Adult,Champion,Virus,Mollusk,Numemon,,https://wikimon.net/images/thumb/2/27/Numemonx.jpg/120px-Numemonx.jpg
Nüwashou,Nüwashou,,,,,,AnheiNüwashou,AnheiNüwashou,https://wikimon.net/images/thumb/5/5f/N%C3%BCwashou.jpg/100px-N%C3%BCwashou.jpg
Nyabootmon,Nyabootmon,,Ultimate,Mega,Virus,Puppet,Cendrillmon; Chaperomon,,https://wikimon.net/images/thumb/b/b8/Nyabootmon.jpg/120px-Nyabootmon.jpg
Nyaromon,Nyaromon,Nyaromon,Baby II,Baby II / In-Training / In-Training II,Free,Lesser,Yukimi Botamon,Ofanimon: Falldown Mode; Plotmon; Shoutmon X7: Superior Mode; Tinkermon,https://wikimon.net/images/thumb/b/bc/Nyaromon.jpg/120px-Nyaromon.jpg
Nyokimon,Nyokimon,Nyokimon,Baby I,Baby I / Fresh / In-Training I,Free,Seed,Digitama,Pyocomon; Shoutmon X7: Superior Mode; Tanemon,https://wikimon.net/images/thumb/e/e0/Nyokimon.jpg/120px-Nyokimon.jpg
Oblivimon,Oblivimon,Oblivimon,Perfect,Ultimate,Virus,Cyborg,Hover Espimon,Invisimon,https://wikimon.net/images/thumb/b/b6/Oblivimon.jpg/120px-Oblivimon.jpg
Oboromon,Oboromon,,Perfect,Ultimate,Virus,Undead,,,https://wikimon.net/images/thumb/a/a6/Oboromon.jpg/120px-Oboromon.jpg
Ochi Musyamon,Ochi Musyamon,,No Level,,,,,,https://wikimon.net/images/thumb/2/2a/Ochimusyamon.png/95px-Ochimusyamon.png
Octmon,Octomon,Octomon,Adult,Champion,Virus,Mollusk,Shakomon,,https://wikimon.net/images/thumb/8/83/Octmon.jpg/120px-Octmon.jpg
Ofanimon,Ophanimon,Ophanimon,Ultimate,Mega,Vaccine,Ophan,Angewomon; Tailmon,Lilithmon; Ofanimon (X-Antibody); Ofanimon Core; Ofanimon: Falldown Mode,https://wikimon.net/images/thumb/a/a6/Ofanimon.jpg/120px-Ofanimon.jpg
Ofanimon (X-Antibody),Ophanimon (X Antibody),Ophanimon (X Antibody),Ultimate,Mega,Vaccine,Ophan,Ofanimon,Ofanimon: Falldown Mode (X-Antibody),https://wikimon.net/images/thumb/9/92/Ofanimonx.jpg/120px-Ofanimonx.jpg
Ofanimon: Falldown Mode,Ofanimon: Falldown Mode,,Ultimate,Mega,Vaccine,Fallen Angel,Angewomon; Nyaromon; Ofanimon; Tailmon,Lilithmon; Ofanimon: Falldown Mode (X-Antibody); Ordinemon,https://wikimon.net/images/thumb/f/f7/Ofanimon_falldown.jpg/120px-Ofanimon_falldown.jpg
Ofanimon: Falldown Mode (X-Antibody),Ophanimon: Falldown Mode (X Antibody),Ophanimon: Falldown Mode (X Antibody),Ultimate,Mega,Vaccine,Fallen Angel,Ofanimon (X-Antibody); Ofanimon: Falldown Mode,,https://wikimon.net/images/thumb/c/c5/Ofanimon_falldownx.jpg/120px-Ofanimon_falldownx.jpg
Ofanimon Core,Ophanimon Core,Ophanimon Core,Ultimate,Mega,,Ophan,Ofanimon,,https://wikimon.net/images/thumb/4/4b/Spr_DS_Ophani_Core.png/86px-Spr_DS_Ophani_Core.png
Ogudomon,Ogudomon,,Ultimate,Mega,Virus,Avatar,,Ogudomon (X-Antibody),https://wikimon.net/images/thumb/d/de/Ogudomon.jpg/120px-Ogudomon.jpg
Ogudomon (X-Antibody),Ogudomon (X Antibody),Ogudomon (X Antibody),Ultimate,Mega,Virus,Avatar,Diablomon (X-Antibody); Ogudomon,,https://wikimon.net/images/thumb/1/11/Ogudomonx.jpg/120px-Ogudomonx.jpg
Ohakadamon,Ohakadamon,,No Level,,,,,,https://wikimon.net/images/9/9a/Ohakadamon_a_ver_s.png
Okunimon,Okunimon,,,,,,,Agnimon,https://wikimon.net/images/thumb/6/61/Digimon_noimage.jpg/120px-Digimon_noimage.jpg
Okuwamon,Okuwamon,Okuwamon,Perfect,Ultimate,Virus,Insect,Kuwagamon,Gran Kuwagamon; Okuwamon (X-Antibody),https://wikimon.net/images/thumb/6/61/Okuwamon.jpg/120px-Okuwamon.jpg
Okuwamon (X-Antibody),Okuwamon (X Antibody),Okuwamon (X Antibody),Perfect,Ultimate,Virus,Insect,Okuwamon,,https://wikimon.net/images/thumb/0/02/Okuwamonx.jpg/120px-Okuwamonx.jpg
Oleamon,Oleamon,,Perfect,Ultimate,Virus,Insectivorous Plant,Alraumon,,https://wikimon.net/images/thumb/a/aa/Oleamon.jpg/120px-Oleamon.jpg
Olegmon,Olegmon,,Ultimate,Mega,Vaccine,Marine Beast,,Grand Generamon; Shoutmon X7: Superior Mode,https://wikimon.net/images/thumb/5/56/Olegmon.jpg/120px-Olegmon.jpg
Omedamon,Omedamon,,Ultimate,Mega,Vaccine,Holy Mechanical Warrior,,,https://wikimon.net/images/thumb/6/6a/Omedamon.jpg/120px-Omedamon.jpg
Omegamon,Omnimon,Omnimon,Ultimate,Mega,Vaccine,Holy Knight,Agumon; Gabumon; Garurumon; Greymon; Metal Garurumon; Omegamon Alter-S; Omegamon Shuang Wu; War Greymon,Omegamon Shuang Wu; Omegamon Zwart; Omegamon: Merciful Mode; Omegamon (X-Antibody); Shoutmon X7: Superior Mode,https://wikimon.net/images/thumb/7/78/Omegamon.jpg/120px-Omegamon.jpg
Omegamon: Merciful Mode,Omnimon: Merciful Mode,Omnimon: Merciful Mode,Ultimate,Mega,Vaccine,Holy Knight,Omegamon,,https://wikimon.net/images/thumb/0/0f/Omegamon_merciful.jpg/120px-Omegamon_merciful.jpg
"Omegamon: ""G"" Fusion Mode","Omegamon: ""G"" Fusion Mode","Omegamon: ""G"" Fusion Mode",Ultimate,Mega,Vaccine,,,,https://wikimon.net/images/thumb/e/e4/Omegamon_G_Fusion_Mode.jpg/120px-Omegamon_G_Fusion_Mode.jpg
Omegamon Alter-B,Omnimon Alter-B,Omnimon Alter-B,Ultimate,Mega,Virus,Holy Knight,Black War Greymon; Cres Garurumon; Omegamon Alter-S; Omegamon Zwart Defeat,,https://wikimon.net/images/thumb/c/c3/Omegamon_alter-b.jpg/120px-Omegamon_alter-b.jpg
Omegamon Alter-S,Omnimon Alter-S,Omnimon Alter-S,Ultimate,Mega,Virus,Holy Knight,Cres Garurumon; Omegamon Shuang Wu,Omegamon,https://wikimon.net/images/thumb/0/03/Omegamon_alter-s.jpg/120px-Omegamon_alter-s.jpg
Omegamon Shuang Wu,Omegamon Shuang Wu,,Ultimate,Mega,Vaccine,Holy Knight,Omegamon,Omegamon Alter-S,https://wikimon.net/images/thumb/0/03/Omegamon_new_century8.png/104px-Omegamon_new_century8.png
Omegamon (X-Antibody),Omnimon (X Antibody),Omnimon (X Antibody),Ultimate,Mega,Vaccine,Holy Knight,Metal Garurumon; Omegamon; Omekamon; War Greymon,,https://wikimon.net/images/thumb/d/d7/Omegamonx.jpg/120px-Omegamonx.jpg
Omegamon Zwart,Omnimon Zwart,Omnimon Zwart,Ultimate,Mega,Vaccine,Holy Knight,Black War Greymon; Metal Garurumon; Metal Garurumon (Black); Omegamon; War Greymon,Omegamon Zwart Defeat,https://wikimon.net/images/thumb/0/04/Omegamon_zwart.jpg/120px-Omegamon_zwart.jpg
Omegamon Zwart Defeat,Omnimon Zwart Defeat,Omnimon Zwart Defeat,Ultimate,Mega,Virus,Holy Knight,Omegamon Zwart,Omegamon Alter-B,https://wikimon.net/images/thumb/1/15/Omegamon_zwart_defeat.jpg/120px-Omegamon_zwart_defeat.jpg
Omega Shoutmon,OmniShoutmon,OmniShoutmon,Perfect,Ultimate,Data,Dragon Man,Shoutmon; Shoutmon (King Ver.),Omega Shoutmon (X-Antibody); Shoutmon DX; Shoutmon EX6; Shoutmon X10; Shoutmon X7; Shoutmon X7: Superior Mode; Xros Up Omega Shoutmon (Dorulumon),https://wikimon.net/images/thumb/6/62/Omegashoutmon.jpg/120px-Omegashoutmon.jpg
Omega Shoutmon (X-Antibody),OmniShoutmon (X Antibody),OmniShoutmon (X Antibody),Perfect,Ultimate,Vaccine,Dragon Man,Omega Shoutmon,,https://wikimon.net/images/thumb/1/1d/Omegashoutmonx.jpg/120px-Omegashoutmonx.jpg
Omekamon,Omekamon,Omekamon,Adult,Champion,Data,Puppet,Agumon (X-Antibody),Omegamon (X-Antibody),https://wikimon.net/images/thumb/8/81/Omekamon.jpg/120px-Omekamon.jpg
Onibimon,Onibimon,,Baby II,Baby II / In-Training / In-Training II,Free,Ghost,Tomorimon,,https://wikimon.net/images/thumb/d/d9/Onibimon.jpg/120px-Onibimon.jpg
Opossummon,Opossummon,Opossummon,Armor,Armor,Free,Beast,,Cho·Hakkaimon; Xros Up Opossummon (Candmon),https://wikimon.net/images/thumb/3/3b/Opossummon.jpg/120px-Opossummon.jpg
Orcamon,Orcamon,Orcamon,Armor,Armor,Free,Aquatic Beast Man,Hawkmon,,https://wikimon.net/images/thumb/1/14/Orcamon.jpg/120px-Orcamon.jpg
Ordinemon,Ordinemon,Ordinemon,Ultimate,Mega,Virus,Fallen Angel,Ofanimon: Falldown Mode; Raguelmon,,https://wikimon.net/images/thumb/0/03/Ordinemon.jpg/120px-Ordinemon.jpg
Orgemon,Ogremon,Ogremon,Adult,Champion,Virus,Oni,,Digitamamon; Orgemon (X-Antibody); Rebellimon; Shoutmon X7: Superior Mode; Skull Satamon; Titamon; Xros Up Arresterdramon (Orgemon),https://wikimon.net/images/thumb/2/25/Orgemon.jpg/120px-Orgemon.jpg
Orgemon (X-Antibody),Ogremon (X Antibody),Ogremon (X Antibody),Adult,Champion,Virus,Oni,Orgemon,,https://wikimon.net/images/thumb/2/2a/Orgemonx.jpg/120px-Orgemonx.jpg
Ornismon,Ornismon,Ornismon,Ultimate,Mega,Virus,Ancient Bird,,,https://wikimon.net/images/thumb/b/b5/Ornismon.jpg/120px-Ornismon.jpg
Orochimon,Orochimon,Orochimon,Perfect,Ultimate,Virus,Demon Dragon,Eyesmon,Mad Leomon (Orochi Mode); Nidhoggmon; Xuanwumon,https://wikimon.net/images/thumb/a/ac/Orochimon.jpg/120px-Orochimon.jpg
Otamamon,Otamamon,Otamamon,Child,Rookie,Virus,Amphibian,,Gekomon; Maquinamon; Otamamon (X-Antibody); Shoutmon X7: Superior Mode; Tonosama Gekomon,https://wikimon.net/images/thumb/5/5c/Otamamon.jpg/120px-Otamamon.jpg
Otamamon (Red),D-Otamamon,D-Otamamon,Child,Rookie,Data,Amphibian,,,https://wikimon.net/images/thumb/f/fe/Otamamon_red.jpg/120px-Otamamon_red.jpg
Otamamon (X-Antibody),Otamamon (X Antibody),Otamamon (X Antibody),Child,Rookie,Virus,Amphibian,Otamamon,,https://wikimon.net/images/thumb/f/fd/Otamamonx.jpg/120px-Otamamonx.jpg
Ouryumon,Owryumon,Owryumon,Ultimate,Mega,Vaccine,Beast Dragon,Hisyaryumon,Alphamon: Ouryuken,https://wikimon.net/images/thumb/a/af/Ouryumon.jpg/120px-Ouryumon.jpg
Owlmon,Aurumon,Aurumon,Armor,Armor,Free,Bird,,,https://wikimon.net/images/thumb/1/15/Owlmon.jpg/120px-Owlmon.jpg
Pafumon,Pafumon,Pafumon,Baby I,Baby I / Fresh / In-Training I,,Spirit,,,https://wikimon.net/images/thumb/e/e7/Pafumon.jpg/120px-Pafumon.jpg
Pagumon,Pagumon,Pagumon,Baby II,Baby II / In-Training / In-Training II,Virus,Lesser,,Andiramon (Deva); Gizamon; Raremon; Shoutmon X7: Superior Mode,https://wikimon.net/images/thumb/d/d0/Pagumon.jpg/120px-Pagumon.jpg
Paildramon,Paildramon,Paildramon,Perfect,Ultimate,Free,Dragon Man,Stingmon; XV-mon,Imperialdramon: Dragon Mode; Imperialdramon: Fighter Mode,https://wikimon.net/images/thumb/b/b9/Paildramon.jpg/120px-Paildramon.jpg
Pajiramon,Pajiramon,Pajiramon,Perfect,Ultimate,Virus,Holy Beast,,,https://wikimon.net/images/thumb/8/88/Pajiramon.jpg/120px-Pajiramon.jpg
PalaPandashou,PalaPandashou,,,,,,Daxiongmaoshou,,https://wikimon.net/images/thumb/6/6b/Pandamon_manhua_first_transformation2.jpg/120px-Pandamon_manhua_first_transformation2.jpg
Paledramon,Paledramon,,Adult,Champion,Data,Dragon,Blucomon,Crys Paledramon,https://wikimon.net/images/thumb/d/d6/Paledramon.jpg/120px-Paledramon.jpg
Palmon,Palmon,,Child,Rookie,Data,Plant,Tanemon,Cheer Galmon; Palmon (X-Antibody); Ponchomon; Rosemon; Shoutmon X7: Superior Mode; Sunflowmon; Togemon,https://wikimon.net/images/thumb/6/61/Palmon.jpg/120px-Palmon.jpg
Palmon (X-Antibody),Palmon (X Antibody),Palmon (X Antibody),Child,Rookie,Data,Plant,Palmon,,https://wikimon.net/images/thumb/b/bd/Palmonx.jpg/120px-Palmonx.jpg
Panbachimon,Panbachimon,,No Level,,,Beast,,,https://wikimon.net/images/thumb/9/94/Panbachimon.jpg/120px-Panbachimon.jpg
Pandamon,Pandamon,,Perfect,Ultimate,Data,Puppet,,Shoutmon X7: Superior Mode,https://wikimon.net/images/thumb/9/98/Pandamon2.jpg/120px-Pandamon2.jpg
Panimon,Panimon,,Ultimate,Mega,,,,,https://wikimon.net/images/thumb/c/c4/V-TamerHotBlooded_Panimon.jpg/120px-V-TamerHotBlooded_Panimon.jpg
Panjyamon,IceLeomon,IceLeomon,Perfect,Ultimate,Vaccine,Beast Man,Leomon,Panjyamon (X-Antibody); Regulumon,https://wikimon.net/images/thumb/8/80/Panjyamon.jpg/120px-Panjyamon.jpg
Panjyamon (X-Antibody),IceLeomon (X Antibody),IceLeomon (X Antibody),Perfect,Ultimate,Vaccine,Beast Man,Panjyamon,,https://wikimon.net/images/thumb/9/96/Panjamonx.jpg/120px-Panjamonx.jpg
Panoptemon,Panoptemon,,Perfect,Ultimate,,,,,https://wikimon.net/images/thumb/d/d4/Panoptemon.jpg/109px-Panoptemon.jpg
Paomon,Paomon,Paomon,Baby I,Baby I / Fresh / In-Training I,,Slime,,Xiaomon,https://wikimon.net/images/thumb/6/6f/Paomon.jpg/120px-Paomon.jpg
Parallelmon,Parallelmon,,Ultimate,Mega,Virus,Mutation,,,https://wikimon.net/images/thumb/c/c6/Parallelmon2.jpg/120px-Parallelmon2.jpg
Parasaurmon,Parasaurmon,,Adult,Champion,Virus,Dinosaur,,,https://wikimon.net/images/thumb/3/31/Parasaumon.jpg/120px-Parasaumon.jpg
Parasimon,Parasimon,Parasimon,Ultimate,Mega,Virus,Parasite,,,https://wikimon.net/images/thumb/a/a9/Parasimon2.jpg/120px-Parasimon2.jpg
Parrotmon,Parrotmon,Parrotmon,Perfect,Ultimate,Vaccine,Giant Bird,,Crossmon,https://wikimon.net/images/thumb/e/ed/Parrotmon.jpg/120px-Parrotmon.jpg
Patamon,Patamon,Patamon,Child,Rookie,Data,Mammal,Tokomon,Angemon; Baromon; Holy Angemon; Manbomon; Pegasmon; Seraphimon; Shoutmon X7: Superior Mode,https://wikimon.net/images/thumb/7/7d/Patamon.jpg/120px-Patamon.jpg
Pawn Chessmon (Black),Pawn Chessmon (Black),,Child,Rookie,Virus,Puppet,,Knight Chessmon (Black); Rook Chessmon (Black),https://wikimon.net/images/thumb/a/a5/Pawnchessmon_black.jpg/120px-Pawnchessmon_black.jpg
Pawn Chessmon (White),PawnChessmon (White),PawnChessmon (White),Child,Rookie,Virus,Puppet,,Bishop Chessmon (White); G-Cutemon; Knight Chessmon (White); Pawn Gaossmon; Pawn Shoutmon; Shoutmon X4K; Shoutmon X7: Superior Mode; Xros Up Dorulumon (Pawn Chessmon (White)),https://wikimon.net/images/thumb/b/b1/Pawnchessmon_white.jpg/120px-Pawnchessmon_white.jpg
Pawn Gaossmon,PaunGaossmon,PaunGaossmon,No Level,,,,Gaossmon; Pawn Chessmon (White),Shoutmon X7: Superior Mode,https://wikimon.net/images/thumb/e/ec/Pawngaossmon.jpg/120px-Pawngaossmon.jpg
Pawn Shoutmon,Pawn Shoutmon,,No Level,,,,Shoutmon,,https://wikimon.net/images/thumb/a/ab/PawnShoutmon_Toei_Art.jpg/101px-PawnShoutmon_Toei_Art.jpg
Peacockmon,Peacockmon,,Armor,Armor,Free,Machine,,,https://wikimon.net/images/thumb/e/e2/Peacockmon.jpg/120px-Peacockmon.jpg
Peckmon,Peckmon,Peckmon,Adult,Champion,Vaccine,Bird,Falcomon (2006 Anime Version); Muchomon,Ravmon; Yatagaramon (2006 Anime Version),https://wikimon.net/images/thumb/2/29/Peckmon3.jpg/120px-Peckmon3.jpg
Pegasmon,Pegasusmon,Pegasusmon,Armor,Armor,Free,Holy Beast,Patamon,Holy Angemon; Pegasmon (X-Antibody); Shoutmon X7: Superior Mode,https://wikimon.net/images/thumb/9/98/Pegasmon.jpg/120px-Pegasmon.jpg
Pegasmon (X-Antibody),Pegasusmon (X Antibody),Pegasusmon (X Antibody),Adult,Champion,Vaccine,Mammal,Pegasmon,,https://wikimon.net/images/thumb/8/8b/Pegasmonx.jpg/120px-Pegasmonx.jpg
Penmon,Penguinmon,Penguinmon,Child,Rookie,Vaccine,Bird,,Rukamon,https://wikimon.net/images/thumb/6/64/Penmon.jpg/120px-Penmon.jpg
Petaldramon,Petaldramon,,Hybrid,Hybrid,Variable,Plant,Arbormon,,https://wikimon.net/images/thumb/a/a0/Petaldramon3.jpg/120px-Petaldramon3.jpg
Petermon,Petermon,,Adult,Champion,Data,Fairy,,,https://wikimon.net/images/thumb/8/8e/Petermon.jpg/120px-Petermon.jpg
Peti Meramon,DemiMeramon,DemiMeramon,Baby II,Baby II / In-Training / In-Training II,Data,Flame,Digitama; Mokumon,Candmon; Ghostmon; Meramon; Vorvomon,https://wikimon.net/images/thumb/c/c6/Petimeramon.jpg/120px-Petimeramon.jpg
Petit Mamon,Petit Mamon,,Child,Rookie,Virus,Small Devil,,,https://wikimon.net/images/thumb/a/af/Petitmamon.jpg/120px-Petitmamon.jpg
Petitmon,Petitmon,,Baby I,Baby I / Fresh / In-Training I,Free,Slime,,,https://wikimon.net/images/thumb/4/41/Petitmon.jpg/120px-Petitmon.jpg
Pharaohmon,Pharaohmon,Pharaohmon,Ultimate,Mega,Virus,Demon Man,Mummymon,Anubimon,https://wikimon.net/images/thumb/5/5c/Pharaohmon.jpg/120px-Pharaohmon.jpg
Phascomon,Phascomon,,Child,Rookie,Virus,Demon Beast,,Porcupamon,https://wikimon.net/images/thumb/0/03/Phascomon.jpg/120px-Phascomon.jpg
Phelesmon,Feresmon,Feresmon,Perfect,Ultimate,Virus,Fallen Angel,Boogiemon,,https://wikimon.net/images/thumb/2/2b/Phelesmon.jpg/120px-Phelesmon.jpg
Piccolomon,Piximon,Piximon,Perfect,Ultimate,Data,Fairy,,Shoutmon X7: Superior Mode,https://wikimon.net/images/thumb/e/e1/Piccolomon.jpg/120px-Piccolomon.jpg
Pickmon,Pickmon,,Baby II,Baby II / In-Training / In-Training II,Free,Minor,Chibickmon,Chibick Sword; Starmons,https://wikimon.net/images/thumb/a/ad/Pickmon.jpg/120px-Pickmon.jpg
Pico Devimon,DemiDevimon,DemiDevimon,Child,Rookie,Virus,Small Devil,,Apocalymon; Devimon,https://wikimon.net/images/thumb/d/d4/Picodevimon.jpg/120px-Picodevimon.jpg
Pidmon,Piddomon,Piddomon,Adult,Champion,Vaccine,Angel,,,https://wikimon.net/images/thumb/5/5a/Pidmon.jpg/120px-Pidmon.jpg
Piemon,Piedmon,Piedmon,Ultimate,Mega,Virus,Demon Man,,Voltobautamon,https://wikimon.net/images/thumb/4/44/Piemon.jpg/120px-Piemon.jpg
Pile Volcamon,PileVolcanomon,PileVolcanomon,Ultimate,Mega,Data,Cyborg,Volcamon,,https://wikimon.net/images/thumb/1/12/Pilevolcamon.jpg/120px-Pilevolcamon.jpg
Pillomon,Pillomon,Pillomon,Child,Rookie,Vaccine,Mammal,,Maquinamon,https://wikimon.net/images/thumb/0/0a/Pillomon.jpg/120px-Pillomon.jpg
Pinamon,Pinamon,,Baby II,Baby II / In-Training / In-Training II,,Chick,Puwamon,,https://wikimon.net/images/thumb/3/39/Pinamon.jpg/120px-Pinamon.jpg
Pinochimon,Puppetmon,Puppetmon,Ultimate,Mega,Virus,Puppet,Jyureimon,Apocalymon; Shoutmon X7: Superior Mode; Xros Up Shoutmon (Pinochimon),https://wikimon.net/images/thumb/8/8c/Pinochimon.jpg/120px-Pinochimon.jpg
Pipimon,Datirimon,Datirimon,Baby I,Baby I / Fresh / In-Training I,,Slime,,,https://wikimon.net/images/thumb/d/df/Pipimon.jpg/120px-Pipimon.jpg
Pipismon,Pipismon,Pipismon,Armor,Armor,Free,Mutation,,,https://wikimon.net/images/thumb/9/9a/Pipismon.jpg/120px-Pipismon.jpg
Piranimon,Piranimon,,Perfect,Ultimate,Virus,Aquatic,,,https://wikimon.net/images/thumb/1/1d/Piranimon.jpg/120px-Piranimon.jpg
Pistmon,Pistmon,Pistmon,Perfect,Ultimate,Virus,Plant,,,https://wikimon.net/images/thumb/7/72/Pistmon.jpg/120px-Pistmon.jpg
Pitchmon,Pichimon,Pichimon,Baby I,Baby I / Fresh / In-Training I,Free,Slime,Digitama,Pukamon; Marin Angemon; Shoutmon X7: Superior Mode,https://wikimon.net/images/thumb/a/aa/Pitchmon.jpg/120px-Pitchmon.jpg
Piyomon,Biyomon,Biyomon,Child,Rookie,Vaccine,Chick,Puwamon; Pyocomon,Aquilamon; Birdramon; Garudamon; Hououmon; Kyukanchoumon; Shoutmon X7: Superior Mode,https://wikimon.net/images/thumb/d/d8/Piyomon.jpg/120px-Piyomon.jpg
Platinum Numemon,PlatinumNumemon,PlatinumNumemon,Ultimate,Mega,Virus,Mutation,Black King Numemon; Numemon,,https://wikimon.net/images/thumb/b/bc/Platinumnumemon.jpg/120px-Platinumnumemon.jpg
Platinum Scumon,PlatinumSukamon,PlatinumSukamon,Adult,Champion,Virus,Mutation,,,https://wikimon.net/images/thumb/8/82/Platinumscumon.jpg/120px-Platinumscumon.jpg
Plesiomon,Plesiomon,Plesiomon,Ultimate,Mega,Data,Plesiosaur,Gomamon; Zudomon,Aegisdramon; Plesiomon (X-Antibody); Xros Up Submarimon (Plesiomon),https://wikimon.net/images/thumb/4/45/Plesiomon.jpg/120px-Plesiomon.jpg
Plesiomon (X-Antibody),Plesiomon (X Antibody),Plesiomon (X Antibody),Ultimate,Mega,Data,Plesiosaur,Plesiomon,,https://wikimon.net/images/thumb/f/f7/Plesiomonx.jpg/120px-Plesiomonx.jpg
Plotmon,Salamon,Salamon,Child,Rookie,Vaccine,Mammal,Nyaromon; Punimon,Angewomon; Lovely Angemon; Plotmon (X-Antibody); Tailmon,https://wikimon.net/images/thumb/1/10/Plotmon.jpg/120px-Plotmon.jpg
Plotmon (X-Antibody),Salamon (X Antibody),Salamon (X Antibody),Child,Rookie,Vaccine,Mammal,Plotmon,,https://wikimon.net/images/thumb/e/ef/Plotmonx.jpg/120px-Plotmonx.jpg
Plutomon,Plutomon,Plutomon,Ultimate,Mega,Virus,God Man,Cerberumon: Werewolf Mode; Labramon,Plutomon (Fusion); Zombie Plutomon,https://wikimon.net/images/thumb/0/0c/Plutomon.jpg/120px-Plutomon.jpg
Plutomon (Fusion),Plutomon (Fusion),,Ultimate,Mega,Virus,,Plutomon,,https://wikimon.net/images/thumb/f/f6/Plutomon_fusion_survive_model.png/120px-Plutomon_fusion_survive_model.png
Pokomon,Viximon,Viximon,Baby II,Baby II / In-Training / In-Training II,Free,Lesser,Relemon,Renamon; Shoutmon X7: Superior Mode,https://wikimon.net/images/thumb/d/da/Pokomon.jpg/120px-Pokomon.jpg
Polar Bearmon,PolarBearmon,PolarBearmon,Perfect,Ultimate,Vaccine,Ice-Snow,Yukidarumon,Skadimon,https://wikimon.net/images/thumb/2/2e/Polarbearmon.jpg/120px-Polarbearmon.jpg
Pomumon,Pomumon,,Child,Rookie,Data,Plant,,,https://wikimon.net/images/thumb/d/dc/Pomumon.jpg/120px-Pomumon.jpg
Ponchomon,Ponchomon,,Armor,Armor,Free,Ghost,Palmon; Togemon,Shoutmon X7: Superior Mode,https://wikimon.net/images/thumb/c/c4/Ponchomon.jpg/120px-Ponchomon.jpg
Popomon,Popomon,,Baby I,Baby I / Fresh / In-Training I,Free,Slime,,Frimon,https://wikimon.net/images/thumb/0/06/Popomon.jpg/120px-Popomon.jpg
Porcupamon,Porcupamon,Porcupamon,Adult,Champion,Virus,Puppet,Phascomon,Astamon,https://wikimon.net/images/thumb/7/75/Porcupamon.jpg/120px-Porcupamon.jpg
Poromon,Poromon,,Baby II,Baby II / In-Training / In-Training II,Free,Small Bird,Pururumon,Hawkmon,https://wikimon.net/images/thumb/5/58/Poromon.jpg/120px-Poromon.jpg
Potamon,Potamon,,Adult,Champion,Vaccine,Food,,Jyagamon,https://wikimon.net/images/thumb/0/0c/Potamon.jpg/120px-Potamon.jpg
Poyomon,Poyomon,,Baby I,Baby I / Fresh / In-Training I,Free,Slime,Digitama,Ikkakumon; Mirage Gaogamon; Skull Greymon; Tokomon,https://wikimon.net/images/thumb/8/80/Poyomon.jpg/120px-Poyomon.jpg
Prairiemon,Prairiemon,Prairiemon,Armor,Armor,Free,Beast,,Shoutmon X7: Superior Mode,https://wikimon.net/images/thumb/1/14/Prairiemon.jpg/120px-Prairiemon.jpg
Prince Mamemon,Prince Mamemon,,Ultimate,Mega,Data,Mutation,Mamemon,Prince Mamemon (X-Antibody),https://wikimon.net/images/thumb/7/75/Princemamemon.jpg/120px-Princemamemon.jpg
Prince Mamemon (X-Antibody),PrinceMamemon (X Antibody),PrinceMamemon (X Antibody),Ultimate,Mega,Data,Mutation,Prince Mamemon,,https://wikimon.net/images/thumb/e/e4/Princemamemonx.jpg/120px-Princemamemonx.jpg
Pristimon,Pristimon,,Child,Rookie,Vaccine,Puppet,,Artiomon; Bearcatmon; Wolvermon,https://wikimon.net/images/thumb/7/74/Pristimon.jpg/120px-Pristimon.jpg
Proganomon,Proganomon,,Perfect,Ultimate,Virus,Mineral,Landramon,Pyramidimon,https://wikimon.net/images/thumb/3/3c/Proganomon.jpg/120px-Proganomon.jpg
Proto Gizmon,Gizumon,Gizumon,Child,Rookie,,,Gizmon: AT,Gizmon: AT,https://wikimon.net/images/thumb/2/20/Proto_gizmon_crusader.jpg/120px-Proto_gizmon_crusader.jpg
Proximamon,Proximamon,,Ultimate,Mega,Virus,Unique,Arcturusmon; Siriusmon,,https://wikimon.net/images/thumb/a/a2/Proximamon.jpg/120px-Proximamon.jpg
Psychemon,Psychemon,Psychemon,Child,Rookie,Data,Reptile,,Astamon,https://wikimon.net/images/thumb/7/7f/Psychemon2.jpg/120px-Psychemon2.jpg
Pteranomon,Pteramon,Pteramon,Armor,Armor,Free,Pterosaur,Armadimon,Pteranomon (X-Antibody),https://wikimon.net/images/thumb/0/05/Pteranomon.jpg/120px-Pteranomon.jpg
Pteranomon (X-Antibody),Pteramon (X Antibody),Pteramon (X Antibody),Adult,Champion,Data,Pterosaur,Pteranomon,,https://wikimon.net/images/thumb/7/7d/Pteranomonx.jpg/120px-Pteranomonx.jpg
Pteromon,Pteromon,Pteromon,Child,Rookie,Data,Bird Dragon,Digitama; Fluffymon,Galemon; Zephagamon,https://wikimon.net/images/thumb/4/44/Pteromon.jpg/120px-Pteromon.jpg
Publimon,Publimon,,Adult,Champion,Data,Mutation,,,https://wikimon.net/images/thumb/1/15/Publimon.jpg/120px-Publimon.jpg
Pucchiemon,Bucchiemon,Bucchiemon,Armor,Armor,Free,Fairy,Wormmon,Meicrackmon: Vicious Mode; Shoutmon X7: Superior Mode,https://wikimon.net/images/thumb/f/f0/Pucchiemon.jpg/120px-Pucchiemon.jpg
Pucchiemon (Green),Bucchiemon (Green),Bucchiemon (Green),Armor,Armor,Free,Fairy,,,https://wikimon.net/images/thumb/9/9a/Pucchiemon_green.jpg/120px-Pucchiemon_green.jpg
Pukamon,Bukamon,Bukamon,Baby II,Baby II / In-Training / In-Training II,Data,Lesser,Pitchmon,Ganimon; Gomamon; Shoutmon X7: Superior Mode,https://wikimon.net/images/thumb/7/73/Pukamon.jpg/120px-Pukamon.jpg
Pukumon,Pukumon,,Ultimate,Mega,Virus,Mutation,,,https://wikimon.net/images/thumb/a/ae/Pukumon.jpg/120px-Pukumon.jpg
Pulsemon,Pulsemon,,Child,Rookie,Vaccine,Beast Man,Bibimon,Boutmon; Bulkmon; Namakemon,https://wikimon.net/images/thumb/2/23/Pulsemon.jpg/120px-Pulsemon.jpg
Pumpmon,Pumpkinmon,Pumpkinmon,Perfect,Ultimate,Data,Puppet,,Noble Pumpmon; Shoutmon X7: Superior Mode,https://wikimon.net/images/thumb/e/e6/Pumpmon.jpg/120px-Pumpmon.jpg
Punch Narabimon,Punch Narabimon,,,,,,,,https://wikimon.net/images/thumb/6/61/Digimon_noimage.jpg/120px-Digimon_noimage.jpg
Punimon,Punimon,,Baby I,Baby I / Fresh / In-Training I,Free,Slime,Digitama,Gekomon; Grappu Leomon; Plotmon; Tunomon,https://wikimon.net/images/thumb/a/a0/Punimon.jpg/120px-Punimon.jpg
Punkmon,Punkmon,Punkmon,Adult,Champion,Virus,Demon Dragon,Impmon,Loudmon,https://wikimon.net/images/thumb/0/03/Punkmon.jpg/120px-Punkmon.jpg
Pupumon,Pupumon,Pupumon,Baby I,Baby I / Fresh / In-Training I,,Slime,,,https://wikimon.net/images/thumb/d/df/Pupumon.jpg/120px-Pupumon.jpg
Puroromon,Puroromon,Puroromon,Baby II,Baby II / In-Training / In-Training II,,Larva,,,https://wikimon.net/images/thumb/4/44/Puroromon.jpg/120px-Puroromon.jpg
Pururumon,Pururumon,,Baby I,Baby I / Fresh / In-Training I,Free,Slime,,Poromon; Shoutmon X7: Superior Mode,https://wikimon.net/images/thumb/0/03/Pururumon.jpg/120px-Pururumon.jpg
Pusumon,Pusumon,Pusumon,Baby I,Baby I / Fresh / In-Training I,,Slime,Digitama,Pusurimon,https://wikimon.net/images/thumb/9/9c/Pusumon.jpg/120px-Pusumon.jpg
Pusurimon,Pusurimon,Pusurimon,Baby II,Baby II / In-Training / In-Training II,,Lesser,Pusumon,Herissmon,https://wikimon.net/images/thumb/e/ec/Pusurimon.jpg/120px-Pusurimon.jpg
Puttimon,Puttimon,Puttimon,Baby I,Baby I / Fresh / In-Training I,Free,Small Angel,,Cupimon; Shoutmon X7: Superior Mode,https://wikimon.net/images/thumb/c/c4/Puttimon.jpg/120px-Puttimon.jpg
Puwamon,Puwamon,Puwamon,Baby I,Baby I / Fresh / In-Training I,,Chick,Digitama,Pinamon; Piyomon; Shoutmon X7: Superior Mode,https://wikimon.net/images/thumb/3/38/Puwamon.jpg/120px-Puwamon.jpg
Puyomon,Puyomon,Puyomon,Baby I,Baby I / Fresh / In-Training I,Free,Slime,,Puyoyomon,https://wikimon.net/images/thumb/9/92/Puyomon.jpg/120px-Puyomon.jpg
Puyoyomon,Puyoyomon,,Baby II,Baby II / In-Training / In-Training II,Free,Lesser,Puyomon,Jellymon,https://wikimon.net/images/thumb/9/9f/Puyoyomon.jpg/120px-Puyoyomon.jpg
Pyocomon,Yokomon,Yokomon,Baby II,Baby II / In-Training / In-Training II,Data,Bulb,Bubbmon; Nyokimon,Cutemon; Piyomon; Shoutmon X7: Superior Mode,https://wikimon.net/images/thumb/a/a4/Pyocomon.jpg/120px-Pyocomon.jpg
Pyonmon,Pyonmon,,Baby I,Baby I / Fresh / In-Training I,Free,Slime,,Bosamon,https://wikimon.net/images/thumb/d/df/Pyonmon.jpg/120px-Pyonmon.jpg
Pyontomon,Pyontomon,,,,,,,,https://wikimon.net/images/thumb/3/30/Pyontomon.jpg/120px-Pyontomon.jpg
Pyramidimon,Pyramidimon,,Ultimate,Mega,Virus,Mineral,Proganomon,Magneticdramon,https://wikimon.net/images/thumb/b/ba/Pyramidimon.jpg/120px-Pyramidimon.jpg
Qinglongmon,Azulongmon,Azulongmon,Ultimate,Mega,Data,Holy Dragon,,Huanglongmon,https://wikimon.net/images/thumb/2/2b/Qinglongmon.jpg/120px-Qinglongmon.jpg
Quantumon,Quantumon,Quantumon,Ultimate,Mega,Data,Fairy,,,https://wikimon.net/images/thumb/c/c8/Quantumon.jpg/120px-Quantumon.jpg
Quartzmon,Quartzmon,Quartzmon,Ultimate,Mega,Virus,Species Unknown,Astamon; Diablomon,,https://wikimon.net/images/thumb/9/98/Quartzmon.jpg/120px-Quartzmon.jpg
Queen Chessmon,Queen Chessmon,,Ultimate,Mega,Virus,Puppet,,,https://wikimon.net/images/thumb/3/3c/Queenchessmon.jpg/120px-Queenchessmon.jpg
Queenbeemon,QueenBeemon,QueenBeemon,Ultimate,Mega,Virus,Cyborg,Vespamon,,https://wikimon.net/images/thumb/7/78/Queenbeemon.jpg/120px-Queenbeemon.jpg
Rafflesimon,Rafflesimon,Rafflesimon,Ultimate,Mega,Data,Fairy,,,https://wikimon.net/images/thumb/c/c1/Rafflesimon.jpg/120px-Rafflesimon.jpg
Ragna Lordmon,Ragna Lordmon,,Ultimate,Mega,Virus,Unique,Bryweludramon; Durandamon,,https://wikimon.net/images/thumb/7/79/Ragnalordmon.jpg/120px-Ragnalordmon.jpg
Ragnamon,Galacticmon,Galacticmon,Ultimate,Mega,Virus,Cyborg,Arcturusmon; Destromon; Siriusmon; Snatchmon,,https://wikimon.net/images/thumb/8/8f/Ragnamon.jpg/120px-Ragnamon.jpg
Raguelmon,Raguelmon,Raguelmon,Ultimate,Mega,Free,Fallen Angel,Meicoomon; Meicrackmon: Vicious Mode,Ordinemon,https://wikimon.net/images/thumb/7/7e/Raguelmon2.jpg/120px-Raguelmon2.jpg
Raidenmon,Raidenmon,Raidenmon,Ultimate,Mega,Virus,Machine,,,https://wikimon.net/images/thumb/f/ff/Raidenmon.jpg/120px-Raidenmon.jpg
Raihimon,Rhihimon,Rhihimon,Hybrid,Hybrid,Variable,Warrior,Kaiser Leomon; Löwemon,,https://wikimon.net/images/thumb/0/0e/Raihimon.jpg/120px-Raihimon.jpg
Raiji Ludomon,Raiji Ludomon,,Perfect,Ultimate,Data,Armor,Tia Ludomon,Bryweludramon,https://wikimon.net/images/thumb/9/92/Raijiludomon.jpg/120px-Raijiludomon.jpg
Raijinmon,Raijinmon,,Ultimate,Mega,Virus,Cyborg,Nanomon,,https://wikimon.net/images/thumb/0/0a/Raijinmon.jpg/120px-Raijinmon.jpg
Rampage Greymon,Rampage Greymon,,No Level,,,,Metal Greymon (2010 Anime Version),,https://wikimon.net/images/thumb/4/48/Rampagegreymon.png/81px-Rampagegreymon.png
Ranamon,Lanamon,Lanamon,Hybrid,Hybrid,Variable,Fairy,Calamaramon,Calamaramon,https://wikimon.net/images/thumb/b/bd/Ranamon2.jpg/120px-Ranamon2.jpg
Rapidmon (X-Antibody),Rapidmon (X Antibody),Rapidmon (X Antibody),Ultimate,Mega,Vaccine,Holy Knight,Rapidmon Armor,,https://wikimon.net/images/thumb/5/52/Rapidmonx.jpg/120px-Rapidmonx.jpg
Rapidmon Armor,Rapidmon,Rapidmon,Armor,Armor,Vaccine,Holy Knight,Terriermon,Rapidmon (X-Antibody),https://wikimon.net/images/thumb/7/7b/Rapidmon%28armor%29.jpg/120px-Rapidmon%28armor%29.jpg
Rapidmon Perfect,Rapidmon,Rapidmon,Perfect,Ultimate,Vaccine,Cyborg,Galgomon; Terriermon,Black Rapidmon; Saint Galgomon,https://wikimon.net/images/thumb/2/23/Rapidmon.jpg/120px-Rapidmon.jpg
Raptordramon,Raptordramon,Raptordramon,Adult,Champion,Vaccine,Cyborg,DORUmon,,https://wikimon.net/images/thumb/4/49/Raptordramon.jpg/120px-Raptordramon.jpg
Raptor Sparrowmon,RaptorSparrowmon,RaptorSparrowmon,Adult,Champion,Data,Cyborg,Sparrowmon,Shoutmon EX6,https://wikimon.net/images/thumb/8/80/Raptorsparrowmon.jpg/120px-Raptorsparrowmon.jpg
Raremon,Raremon,Raremon,Adult,Champion,Virus,Undead,Pagumon,Rare Raremon,https://wikimon.net/images/thumb/4/48/Raremon.jpg/120px-Raremon.jpg
Rare Raremon,Rare Raremon,,Perfect,Ultimate,Virus,Undead,Raremon,,https://wikimon.net/images/thumb/2/23/Rareraremon.jpg/120px-Rareraremon.jpg
Rare Star Sword,Rare Star Sword,,No Level,,,,Starmons,,https://wikimon.net/images/thumb/2/29/Rare_star_sword.png/120px-Rare_star_sword.png
Rasenmon,Rasenmon,Rasenmon,Ultimate,Mega,Data,Beast Man,Filmon; Herissmon; Rasenmon: Fury Mode; Stiffilmon,,https://wikimon.net/images/thumb/0/02/Rasenmon.jpg/120px-Rasenmon.jpg
Rasenmon: Fury Mode,Rasenmon: Fury Mode,Rasenmon: Fury Mode,Ultimate,Mega,Data,Bewitching Beast,Herissmon; Stiffilmon,Rasenmon,https://wikimon.net/images/thumb/5/58/Rasenmon_fury.jpg/120px-Rasenmon_fury.jpg
Rasielmon,Rasielmon,Rasielmon,Ultimate,Mega,Vaccine,Ophan,Meicoomon; Meicrackmon,,https://wikimon.net/images/thumb/5/5d/Rasielmon.jpg/120px-Rasielmon.jpg
Ravmon,Ravemon,Ravemon,Ultimate,Mega,Vaccine,Cyborg,Falcomon (2006 Anime Version); Peckmon; Yatagaramon (2006 Anime Version),Ravmon: Burst Mode,https://wikimon.net/images/thumb/b/b0/Ravmon.jpg/120px-Ravmon.jpg
Ravmon: Burst Mode,Ravemon: Burst Mode,Ravemon: Burst Mode,Ultimate,Mega,Vaccine,Cyborg,Ravmon,,https://wikimon.net/images/thumb/d/d5/Ravmon_burst.jpg/120px-Ravmon_burst.jpg
Rebellimon,Rebellimon,Rebellimon,Perfect,Ultimate,Virus,Cyborg,Orgemon,,https://wikimon.net/images/thumb/f/f1/Rebellimon.jpg/120px-Rebellimon.jpg
Red V-dramon,RedVeedramon,RedVeedramon,Adult,Champion,Virus,Mythical Dragon,V-dramon,,https://wikimon.net/images/thumb/7/77/Red_V-dramon_N0.png/96px-Red_V-dramon_N0.png
Red Vegimon,RedVegiemon,RedVegiemon,Adult,Champion,Virus,Plant,,,https://wikimon.net/images/thumb/3/3d/Redvagimon.jpg/120px-Redvagimon.jpg
Regalecusmon,Regalecusmon,Regalecusmon,Ultimate,Mega,Virus,Aquatic,,,https://wikimon.net/images/thumb/6/6a/Regalecusmon.jpg/120px-Regalecusmon.jpg
Regulumon,Regulumon,,Ultimate,Mega,,,Panjyamon,,https://wikimon.net/images/thumb/f/f1/Regulumon.jpg/120px-Regulumon.jpg
Regulusmon,Regulusmon,,Perfect,Ultimate,Virus,Evil Dragon,Canoweissmon; Gulus Gammamon,Canoweissmon,https://wikimon.net/images/thumb/c/ca/Regulusmon.jpg/120px-Regulusmon.jpg
Relemon,Relemon,Relemon,Baby I,Baby I / Fresh / In-Training I,Free,Slime,,Pokomon,https://wikimon.net/images/thumb/e/ea/Relemon.jpg/120px-Relemon.jpg
Renamon,Renamon,Renamon,Child,Rookie,Data,Beast Man,Digitama; Pokomon; Wanyamon,Kyubimon; Maquinamon; Renamon (X-Antibody); Sakuyamon; Tenkomon; Youkomon,https://wikimon.net/images/thumb/4/46/Renamon.jpg/120px-Renamon.jpg
Renamon (X-Antibody),Renamon (X Antibody),Renamon (X Antibody),Child,Rookie,Data,Beast Man,Renamon,,https://wikimon.net/images/thumb/0/0f/Renamonx.jpg/120px-Renamonx.jpg
Reppamon,Reppamon,,Adult,Champion,Vaccine,Holy Beast,Kudamon (2006 Anime Version),Tyilinmon,https://wikimon.net/images/thumb/5/56/Reppamon.jpg/120px-Reppamon.jpg
Reptilimon,Reptilimon,,Perfect,Ultimate,Vaccine,Dragon Warrior,Liskmon,Rubeusdramon,https://wikimon.net/images/thumb/3/30/Reptilimon_alysion.png/98px-Reptilimon_alysion.png
Reverse Weddinmon,Reverse Weddinmon,,No Level,,,,Weddinmon,,https://wikimon.net/images/thumb/c/c9/Rebirthweddinmon.jpg/86px-Rebirthweddinmon.jpg
Revolmon,Deputymon,Deputymon,Adult,Champion,Vaccine,Mutation,,Beelzebumon + Revolmon; Justimon: Blitz Arm; Shoutmon X7: Superior Mode; Xros Up Ballistamon (Revolmon),https://wikimon.net/images/thumb/f/f5/Revolmon.jpg/120px-Revolmon.jpg
Rhamphomon,Rhamphomon,Rhamphomon,Adult,Champion,Virus,Pterosaur,Monodramon,Azhdarmon,https://wikimon.net/images/thumb/3/3e/Rhamphomon.jpg/120px-Rhamphomon.jpg
Rhino Kabuterimon,Rhino Kabuterimon,,Hybrid,Hybrid,Variable,Insect,Blitzmon; Bolgmon,,https://wikimon.net/images/thumb/9/92/Rhinokabuterimon.jpg/120px-Rhinokabuterimon.jpg
Rhinomon,Rhinomon,Rhinomon,Armor,Armor,Free,Mammal,,Rhinomon (X-Antibody),https://wikimon.net/images/thumb/4/4b/Rhinomon.jpg/120px-Rhinomon.jpg
Rhinomon (X-Antibody),Rhinomon (X Antibody),Rhinomon (X Antibody),Adult,Champion,Vaccine,Mammal,Rhinomon,,https://wikimon.net/images/thumb/0/00/Rhinomonx.jpg/120px-Rhinomonx.jpg
Rinkmon,Rinkmon,Rinkmon,Armor,Armor,Free,Cyborg,Hawkmon,,https://wikimon.net/images/thumb/c/cf/Rinkmon.jpg/120px-Rinkmon.jpg
Rize Greymon,RizeGreymon,RizeGreymon,Perfect,Ultimate,Vaccine,Cyborg,Agumon (2006 Anime Version); Geo Greymon; Greymon,Gaioumon; Rize Greymon (X-Antibody); Shine Greymon; Victory Greymon,https://wikimon.net/images/thumb/9/91/Rizegreymon.jpg/120px-Rizegreymon.jpg
Rize Greymon (X-Antibody),RizeGreymon (X Antibody),RizeGreymon (X Antibody),Perfect,Ultimate,Vaccine,Cyborg,Rize Greymon,,https://wikimon.net/images/thumb/8/85/Rizegreymonx.jpg/120px-Rizegreymonx.jpg
Rook Chessmon (Black),Rook Chessmon (Black),,Perfect,Ultimate,Virus,Puppet,Knight Chessmon (Black); Pawn Chessmon (Black),,https://wikimon.net/images/thumb/1/1f/Rookchessmon.jpg/120px-Rookchessmon.jpg
Rook Chessmon (White),Rook Chessmon (White),,Perfect,Ultimate,Virus,Puppet,,,https://wikimon.net/images/thumb/6/61/Digimon_noimage.jpg/120px-Digimon_noimage.jpg
Rosemon,Rosemon,,Ultimate,Mega,Data,Fairy,Babamon; Lalamon; Lilamon; Lilimon; Palmon; Togemon,Babamon; Omegamon: Merciful Mode; Rosemon: Burst Mode; Rosemon (X-Antibody),https://wikimon.net/images/thumb/b/bb/Rosemon.jpg/120px-Rosemon.jpg
Rosemon (X-Antibody),Rosemon (X Antibody),Rosemon (X Antibody),Ultimate,Mega,Data,Fairy,Rosemon,,https://wikimon.net/images/thumb/a/a5/Rosemonx.jpg/120px-Rosemonx.jpg
Rosemon: Burst Mode,Rosemon: Burst Mode,,Ultimate,Mega,Data,Fairy,Rosemon,,https://wikimon.net/images/thumb/0/02/Rosemon_burst.jpg/120px-Rosemon_burst.jpg
Rubeusdramon,Rubeusdramon,,Ultimate,Mega,Vaccine,Dragon Warrior,Reptilimon,,https://wikimon.net/images/thumb/4/4e/Rubeusdramon_alysion.png/107px-Rubeusdramon_alysion.png
Rukamon,Dolphmon,Dolphmon,Adult,Champion,Vaccine,Aquatic Mammal,Penmon,Shoutmon X7: Superior Mode; Whamon Perfect,https://wikimon.net/images/thumb/0/08/Rukamon.jpg/120px-Rukamon.jpg
Runnermon,Runnermon,Runnermon,Adult,Champion,Virus,Beast,Elecmon,,https://wikimon.net/images/thumb/5/5e/Runnermon.jpg/120px-Runnermon.jpg
Rurimon,Rurimon,,,,,,,,https://wikimon.net/images/thumb/f/f1/Rurimon.jpg/120px-Rurimon.jpg
Rust Tyranomon,RustTyrannomon,RustTyrannomon,Ultimate,Mega,Virus,Cyborg,Metal Tyranomon,,https://wikimon.net/images/thumb/9/9d/Rusttyranomon.jpg/120px-Rusttyranomon.jpg
Ryudamon,Ryudamon,,Child,Rookie,Vaccine,Beast,Kyokyomon,Death-X-DORUgamon; Ginryumon; Gyukimon; Hisyaryumon,https://wikimon.net/images/thumb/a/a4/Ryudamon.jpg/120px-Ryudamon.jpg
Ryugumon,Ryugumon,Ryugumon,Ultimate,Mega,Data,Mollusk,Marin Bullmon,Ariemon,https://wikimon.net/images/thumb/e/e3/Ryugumon.jpg/120px-Ryugumon.jpg
Saberdramon,Saberdramon,Saberdramon,Adult,Champion,Vaccine,Giant Bird,,,https://wikimon.net/images/thumb/c/c2/Saberdramon.jpg/120px-Saberdramon.jpg
Saber Leomon,SaberLeomon,SaberLeomon,Ultimate,Mega,Data,Ancient Beast,Budmon; Grappu Leomon; Leomon; Tunomon,Dinotigermon,https://wikimon.net/images/thumb/e/e2/Saberleomon.jpg/120px-Saberleomon.jpg
Sagittarimon,Sagittarimon,Sagittarimon,Armor,Armor,Free,Mythical Beast,Centalmon; V-mon,Gravimon Darkness Mode,https://wikimon.net/images/thumb/a/a3/Sagittarimon.jpg/120px-Sagittarimon.jpg
Sagomon,Sagomon,Sagomon,Perfect,Ultimate,Virus,Demon Man,,Seiten Gokuwmon; Xros Up Arresterdramon (Sagomon),https://wikimon.net/images/thumb/c/cb/Sagomon.jpg/120px-Sagomon.jpg
Saint Galgomon,MegaGargomon,MegaGargomon,Ultimate,Mega,Vaccine,Machine,Rapidmon Perfect; Terriermon,,https://wikimon.net/images/thumb/2/24/Saintgalgomon2.jpg/120px-Saintgalgomon2.jpg
Sakumon,Sakumon,,Baby I,Baby I / Fresh / In-Training I,Free,Weapon,Digitama,Sakuttomon,https://wikimon.net/images/thumb/4/48/Sakumon.jpg/120px-Sakumon.jpg
Sakuradamon,Sakuradamon,,,,,,,,https://wikimon.net/images/thumb/6/61/Digimon_noimage.jpg/120px-Digimon_noimage.jpg
Sakuteki Monitamon,Sakuteki Monitamon,,No Level,,,Braun,,,https://wikimon.net/images/8/89/Sakutekimonitamon.png
Sakuttomon,Sakuttomon,,Baby II,Baby II / In-Training / In-Training II,Free,Weapon,Sakumon,Zubamon,https://wikimon.net/images/thumb/4/46/Sakuttomon.jpg/120px-Sakuttomon.jpg
Sakuyamon,Sakuyamon,,Ultimate,Mega,Data,God Man,Botamon; Renamon; Taomon,Sakuyamon (X-Antibody); Sakuyamon: Miko Mode,https://wikimon.net/images/thumb/a/a7/Sakuyamon.jpg/120px-Sakuyamon.jpg
Sakuyamon (X-Antibody),Sakuyamon (X Antibody),Sakuyamon (X Antibody),Ultimate,Mega,Data,God Man,Sakuyamon,,https://wikimon.net/images/thumb/6/61/Sakuyamonx.jpg/120px-Sakuyamonx.jpg
Sakuyamon: Miko Mode,Sakuyamon (Miko),Sakuyamon (Miko),Ultimate,Mega,Data,God Man,Sakuyamon,,https://wikimon.net/images/thumb/c/c1/Sakuyamon_miko.jpg/120px-Sakuyamon_miko.jpg
Salamandamon,Salamandermon,Salamandermon,Armor,Armor,Virus,Amphibian,,Shoutmon X7: Superior Mode,https://wikimon.net/images/thumb/6/67/Salamandamon.jpg/120px-Salamandamon.jpg
Sandiramon,Sandiramon,Sandiramon,Perfect,Ultimate,Virus,Holy Beast,,,https://wikimon.net/images/thumb/3/3d/Sandiramon.jpg/120px-Sandiramon.jpg
Sand Yanmamon,Sand Yanmamon,,Adult,Champion,Data,Insect,,,https://wikimon.net/images/thumb/7/77/Sandyanmamon.jpg/120px-Sandyanmamon.jpg
Sangloupmon,Sangloupmon,,Adult,Champion,Virus,Demon Beast,Dracumon,,https://wikimon.net/images/thumb/1/14/Sangloupmon.jpg/120px-Sangloupmon.jpg
Sangomon,Sangomon,Sangomon,Child,Rookie,Data,Mollusk,,Marin Bullmon; Shellmon,https://wikimon.net/images/thumb/7/7a/Sangomon.jpg/120px-Sangomon.jpg
Santa Agumon,Santa Agumon,,Child,Rookie,Vaccine,,,,https://wikimon.net/images/thumb/d/d9/SantaAgumon_Soul_Chaser_01.PNG/120px-SantaAgumon_Soul_Chaser_01.PNG
Sanzomon,Sanzomon,,Perfect,Ultimate,Vaccine,Monk,,Shakamon,https://wikimon.net/images/thumb/b/bd/Sanzomon.jpg/120px-Sanzomon.jpg
Savior Huckmon,SaviorHuckmon,SaviorHuckmon,Perfect,Ultimate,Data,Dragon Man,Bao Huckmon,JESmon,https://wikimon.net/images/thumb/c/c1/Saviorhuckmon.jpg/120px-Saviorhuckmon.jpg
Scorpiomon,SkullScorpiomon,SkullScorpiomon,Perfect,Ultimate,Data,Insect,Snimon,Hi Mugendramon,https://wikimon.net/images/thumb/c/c4/Scorpiomon.jpg/120px-Scorpiomon.jpg
Scourge Chiropmon,ScourgeChiropmon,ScourgeChiropmon,Perfect,Ultimate,Virus,Machine,Night Chiropmon,,https://wikimon.net/images/thumb/8/83/Scourgechiropmon.jpg/120px-Scourgechiropmon.jpg
Scud Missimon,Scud Missimon,,No Level,,,,,,https://wikimon.net/images/thumb/1/14/Scudissimon.jpg/120px-Scudissimon.jpg
Scumon,Sukamon,Sukamon,Adult,Champion,Virus,Mutant,Numemon,Etemon; Great King Scumon,https://wikimon.net/images/thumb/0/07/Scumon.jpg/120px-Scumon.jpg
Seadramon,Seadramon,,Adult,Champion,Data,Aquatic,Betamon; Seadramon (X-Antibody),Mamemon; Mega Seadramon; Seadramon (X-Antibody); Shoutmon X7: Superior Mode; Skull Seadramon; Waru Seadramon,https://wikimon.net/images/thumb/4/49/Seadramon.jpg/120px-Seadramon.jpg
Seadramon (X-Antibody),Seadramon (X Antibody),Seadramon (X Antibody),Adult,Champion,Data,Aquatic,Seadramon,Seadramon,https://wikimon.net/images/thumb/0/00/Seadramonx.jpg/120px-Seadramonx.jpg
Seahomon,Seahomon,Seahomon,Armor,Armor,Free,Aquatic,,Shoutmon X7: Superior Mode,https://wikimon.net/images/thumb/6/67/Seahomon.jpg/120px-Seahomon.jpg
Sealsdramon,Sealsdramon,Sealsdramon,Adult,Champion,Virus,Cyborg,Commandramon,Tankdramon,https://wikimon.net/images/thumb/f/f5/Sealsdramon.jpg/120px-Sealsdramon.jpg
Searchmon,Searchmon,Searchmon,Armor,Armor,Free,Insect,Tyumon,Shoutmon X7: Superior Mode,https://wikimon.net/images/thumb/1/16/Searchmon.jpg/120px-Searchmon.jpg
Seiten Gokuwmon,SeitenGokuumon,SeitenGokuumon,Ultimate,Mega,Virus,Tathāgata,Cho·Hakkaimon; Gokuwmon; Sagomon,,https://wikimon.net/images/thumb/9/9b/Seitengokuwmon.jpg/120px-Seitengokuwmon.jpg
Sekkamon,Sekkamon,,Perfect,Ultimate,Virus,Beast Man,Tenkomon,Yukinamon,https://wikimon.net/images/thumb/9/9c/Sekkamon_alysion.png/107px-Sekkamon_alysion.png
Sephirothmon,Sephirothmon,Sephirothmon,Hybrid,Hybrid,Variable,Mutation,Mercuremon,Chimairamon,https://wikimon.net/images/thumb/b/bc/Sephirothmon.jpg/120px-Sephirothmon.jpg
Sepikmon,Sepikmon,Sepikmon,Armor,Armor,Free,Demon Man,,Shoutmon X7: Superior Mode,https://wikimon.net/images/thumb/5/5f/Sepikmon.jpg/120px-Sepikmon.jpg
Seraphimon,Seraphimon,Seraphimon,Ultimate,Mega,Vaccine,Seraph,Angemon; Holy Angemon; Holy Angemon: Priest Mode; Patamon,Black Seraphimon; Demon; Omegamon: Merciful Mode,https://wikimon.net/images/thumb/7/75/Seraphimon.jpg/120px-Seraphimon.jpg
Sethmon,Sethmon,Sethmon,Armor,Armor,Free,Demon Beast,,Deadly Tuwarmon Hell Mode; Sethmon Wild Mode,https://wikimon.net/images/thumb/d/da/Sethmon.jpg/120px-Sethmon.jpg
Sethmon Wild Mode,Sethmon Wild Mode,,No Level,,,,Sethmon,,https://wikimon.net/images/thumb/e/e4/Setmon_wild.png/120px-Setmon_wild.png
Shademon,Shademon,,Adult,Champion,Virus,Species Unknown,,Luminamon; Shademon (Nene Ver.),https://wikimon.net/images/thumb/1/11/Shademon.jpg/120px-Shademon.jpg
Shademon (Nene Ver.),Shademon (Nene Ver.),,Adult,Champion,,,,Luminamon (Nene Ver.); Moon Millenniumon,https://wikimon.net/images/thumb/b/bc/Nene_shademon2.png/95px-Nene_shademon2.png
Shadramon,Shadramon,Shadramon,Armor,Armor,Free,Insect,Wormmon,,https://wikimon.net/images/thumb/0/0a/Shadramon.jpg/120px-Shadramon.jpg
Shagaramon,Shagaramon,,Ultimate,Mega,Data,Holy Dragon,,,https://wikimon.net/images/thumb/5/54/Shagaramon.jpg/120px-Shagaramon.jpg
Shakamon,Shakamon,,Ultimate,Mega,Vaccine,Tathāgata<!--Buddha-->,Cho·Hakkaimon; Gokuwmon; Sanzomon; Shawujinmon,,https://wikimon.net/images/thumb/c/c0/Shakamon.jpg/120px-Shakamon.jpg
Shakkoumon,Shakkoumon,,Perfect,Ultimate,Free,Mutation,Angemon; Ankylomon; Armadimon,Shoutmon X7: Superior Mode; Slash Angemon; Vikemon,https://wikimon.net/images/thumb/1/1e/Shakkoumon.jpg/120px-Shakkoumon.jpg
Shakomon,Syakomon,Syakomon,Child,Rookie,Virus,Crustacean,,Ebidramon; Marin Angemon; Mermaimon; Octmon; Shakomon (X-Antibody); Shellmon; Shoutmon X7: Superior Mode; Tylomon,https://wikimon.net/images/thumb/f/f2/Shakomon.jpg/120px-Shakomon.jpg
Shakomon (X-Antibody),Syakomon (X Antibody),Syakomon (X Antibody),Child,Rookie,Virus,Crustacean,Shakomon,,https://wikimon.net/images/thumb/0/0a/Shakomonx.jpg/120px-Shakomonx.jpg
Shamamon,Shamamon,Shamamon,Child,Rookie,Virus,Oni,,Vritramon,https://wikimon.net/images/thumb/1/12/Shamamon.jpg/120px-Shamamon.jpg
Sharkmon,Sharkmon,,Perfect,Ultimate,Virus,Cyborg,,,https://wikimon.net/images/thumb/d/d1/Sharkmon.jpg/120px-Sharkmon.jpg
Shawujinmon,Shaujinmon,Shaujinmon,Perfect,Ultimate,Virus,Demon Man,Gawappamon,Jumbo Gamemon; Shakamon,https://wikimon.net/images/thumb/2/2c/Shawujinmon.jpg/120px-Shawujinmon.jpg
Sheepmon,Sheepmon,Sheepmon,Armor,Armor,Free,Mammal,,,https://wikimon.net/images/thumb/b/bb/Sheepmon.jpg/120px-Sheepmon.jpg
Shellmon,Shellmon,,Adult,Champion,Data,Mollusk,Sangomon; Shakomon,Marin Bullmon; Shoutmon X7: Superior Mode; Venusmon,https://wikimon.net/images/thumb/b/b1/Shellmon.jpg/120px-Shellmon.jpg
Shima Unimon,ShimaUnimon,ShimaUnimon,Adult,Champion,Vaccine,Mythical Beast,,,https://wikimon.net/images/thumb/b/b7/Shimaunimon1.jpg/120px-Shimaunimon1.jpg
Shin Monzaemon,Shin Monzaemon,,Ultimate,Mega,Vaccine,Puppet,Monzaemon,,https://wikimon.net/images/thumb/d/da/Shinmonzaemon.jpg/120px-Shinmonzaemon.jpg
Shine Greymon,Shine Greymon,,Ultimate,Mega,Vaccine,Light Dragon,Agumon (2006 Anime Version); Rize Greymon,Shine Greymon: Burst Mode; Shine Greymon: Ruin Mode,https://wikimon.net/images/thumb/9/90/Shinegreymon.jpg/120px-Shinegreymon.jpg
Shine Greymon: Burst Mode,Shine Greymon: Burst Mode,,Ultimate,Mega,Vaccine,Light Dragon,Shine Greymon,,https://wikimon.net/images/thumb/6/67/Shinegreymon_burst.jpg/120px-Shinegreymon_burst.jpg
Shine Greymon: Ruin Mode,ShineGreymon: Ruin Mode,ShineGreymon: Ruin Mode,Ultimate,Mega,Vaccine,Light Dragon,Shine Greymon,,https://wikimon.net/images/thumb/8/88/Shinegreymon_ruin.jpg/120px-Shinegreymon_ruin.jpg
Shishimamon,Shishimamon,Shishimamon,Perfect,Ultimate,Vaccine,Holy Beast,,,https://wikimon.net/images/thumb/0/01/Shishimamon.jpg/120px-Shishimamon.jpg
Shivamon,Shivamon,,Ultimate,Mega,Data,Insect,,,https://wikimon.net/images/thumb/e/ec/Shivamon.jpg/120px-Shivamon.jpg
Shoemon,Shoemon,Shoemon,Child,Rookie,Virus,Puppet,,Chaperomon; Shoeshoemon,https://wikimon.net/images/thumb/b/b7/Shoemon.jpg/120px-Shoemon.jpg
Shoeshoemon,Shoeshoemon,,Adult,Champion,Virus,Puppet,Shoemon,Chaperomon,https://wikimon.net/images/thumb/6/62/Shoeshoemon.jpg/120px-Shoeshoemon.jpg
Shonitamon,Shanitamon,Shanitamon,Adult,Champion,Data,Enhancement,Shoutmon,,https://wikimon.net/images/thumb/b/b9/Shonitamon.jpg/120px-Shonitamon.jpg
Shooting Starmon,ShootingStarmon,ShootingStarmon,Adult,Champion,Data,Super Major,Starmons,,https://wikimon.net/images/thumb/7/74/Shootingstarmon.jpg/120px-Shootingstarmon.jpg
Shootmon,Shootmon,,Perfect,Ultimate,Vaccine,Machine,,,https://wikimon.net/images/thumb/e/e5/Shootmon.jpg/120px-Shootmon.jpg
Shortmon,Shortmon,,Adult,Champion,Data,Food,,Reverse Weddinmon,https://wikimon.net/images/thumb/7/7f/Shortmon.jpg/120px-Shortmon.jpg
ShouCutemon,CuteShoutmon,CuteShoutmon,No Level,,,,Cutemon,,https://wikimon.net/images/thumb/3/3f/ShouCutemon2.jpg/120px-ShouCutemon2.jpg
Shoujishou,Shoujishou,,Child,Rookie,,Beast Man,,,https://wikimon.net/images/thumb/9/9a/Mobilemon.png/120px-Mobilemon.png
Shoutmon,Shoutmon,,Child,Rookie,Data,Small Dragon,,Don Shoutmon; Jiji Shoutmon; Mugendramon; Omega Shoutmon; Pawn Shoutmon; Shonitamon; ShouCutemon; Shoutmon (King Ver.); Shoutmon + Dorulu Cannon; Shoutmon + Jet Sparrow; Shoutmon + Star Sword; Shoutmon SH; Shoutmon X2; Shoutmon X2 (Incomplete X3); Shoutmon X3; Shoutmon X4; Shoutmon X4B; Shoutmon X4K; Shoutmon X4S; Shoutmon X5; Shoutmon X5B; Shoutmon X7: Superior Mode,https://wikimon.net/images/thumb/4/44/Shoutmon.jpg/120px-Shoutmon.jpg
Shoutmon (Black),Shoutmon (Black),,No Level,,Data,Small Dragon,,,https://wikimon.net/images/e/eb/Shoutmon_B_vg.gif
Shoutmon (Blue),Shoutmon (Blue),,No Level,,Data,Small Dragon,,,https://wikimon.net/images/3/38/Shoutmon_Blue_vpet_xloader.png
Shoutmon (King Ver.),Shoutmon (King Version),Shoutmon (King Version),Adult,Champion,Data,Small Dragon,Shoutmon,Omega Shoutmon; Shoutmon X4; Xros Up Shoutmon (Chibi Kamemon); Xros Up Shoutmon (Pinochimon),https://wikimon.net/images/thumb/6/6d/Shoutmon_king.jpg/120px-Shoutmon_king.jpg
Shoutmon (Yellow),Shoutmon (Yellow),,,,Data,Small Dragon,,,https://wikimon.net/images/a/ac/Shoutmon_Y_vpet_xloader.png
Shoutmon + Dorulu Cannon,Shoutmon + Dorulu Cannon,,Child,Rookie,Data,Enhancement,Dorulumon; Shoutmon,,https://wikimon.net/images/thumb/5/55/Dorulucannon.jpg/120px-Dorulucannon.jpg
Shoutmon + Jet Sparrow,Shoutmon + Jet Sparrow,Shoutmon + Jet Sparrow,Child,Rookie,Data,Enhancement,Shoutmon; Sparrowmon,,https://wikimon.net/images/thumb/c/c5/Shoutmon_jetsparrow.jpg/120px-Shoutmon_jetsparrow.jpg
Shoutmon + Star Sword,Shoutmon + Star Sword,,Child,Rookie,Data,Enhancement,Shoutmon,,https://wikimon.net/images/thumb/9/91/Shoutmon_starsword.jpg/120px-Shoutmon_starsword.jpg
Shoutmon DX,Shoutmon DX,,Ultimate,Mega,Data,Composite,Omega Shoutmon; Zeke Greymon,Shoutmon X6; Shoutmon X7,https://wikimon.net/images/thumb/d/d5/Shoutmondx.jpg/120px-Shoutmondx.jpg
Shoutmon EX6,Shoutmon EX6,,Ultimate,Mega,Data,Composite,Omega Shoutmon,Shoutmon X7: Superior Mode,https://wikimon.net/images/thumb/1/18/Shoutmon_ex6.jpg/120px-Shoutmon_ex6.jpg
Shoutmon SH,Shoutmon SH,,No Level,,,,Shoutmon,,https://wikimon.net/images/thumb/7/7c/Shoutmon_starwheel.png/120px-Shoutmon_starwheel.png
Shoutmon X10,Shoutmon X10,,,,,,Omega Shoutmon,,https://wikimon.net/images/thumb/6/61/Digimon_noimage.jpg/120px-Digimon_noimage.jpg
Shoutmon X2,Shoutmon X2 (Shoutmon Times Two),Shoutmon X2 (Shoutmon Times Two),Adult,Champion,Data,Enhancement,Ballistamon; Shoutmon,Shoutmon X2 Plus M; Shoutmon X4B,https://wikimon.net/images/thumb/2/26/Shoutmonx2_2.jpg/120px-Shoutmonx2_2.jpg
Shoutmon X2 (Incomplete X3),Shoutmon X2 (Incomplete X3),,No Level,,,,Shoutmon,,https://wikimon.net/images/thumb/b/b6/Shoutmon_X2_%28Incomplete_X3%29.png/120px-Shoutmon_X2_%28Incomplete_X3%29.png
Shoutmon X2 Plus M,Shoutmon X2+ (Shoutmon Times Two Plus),Shoutmon X2+ (Shoutmon Times Two Plus),No Level,,,Enhancement,Shoutmon X2,,https://wikimon.net/images/thumb/1/18/Shoutmon_X2_Plus_M_Toei.jpg/120px-Shoutmon_X2_Plus_M_Toei.jpg
Shoutmon X3,Shoutmon X3 (Shoutmon Times Three),Shoutmon X3 (Shoutmon Times Three),Adult,Champion,Data,Composite,Ballistamon; Dorulumon; Shoutmon,Shoutmon X3GM; Shoutmon X3SD; Shoutmon X4,https://wikimon.net/images/thumb/6/65/Shoutmonx3.jpg/120px-Shoutmonx3.jpg
Shoutmon X3GM,Shoutmon X3GM,,Perfect,Ultimate,Data,Pterosaur,Shoutmon X3,,https://wikimon.net/images/thumb/7/70/Shoutmonx3gm.jpg/120px-Shoutmonx3gm.jpg
Shoutmon X3SD,Shoutmon X3SD,,Perfect,Ultimate,Data,Warrior,Shoutmon X3,,https://wikimon.net/images/thumb/6/64/Shoutmonx3sd.jpg/120px-Shoutmonx3sd.jpg
Shoutmon X4,Shoutmon X4 (Shoutmon Times Four),Shoutmon X4 (Shoutmon Times Four),Adult,Champion,Data,Composite,Dorulumon; Shoutmon; Shoutmon (King Ver.); Shoutmon X3,Shoutmon X4B; Shoutmon X4K; Shoutmon X4S; Shoutmon X5,https://wikimon.net/images/thumb/8/8f/Shoutmonx4.jpg/120px-Shoutmonx4.jpg
Shoutmon X4B,Shoutmon X4 (Shoutmon Times Four B),Shoutmon X4 (Shoutmon Times Four B),Perfect,Ultimate,Data,Composite,Shoutmon; Shoutmon X2; Shoutmon X4,Shoutmon X5B,https://wikimon.net/images/thumb/0/06/Shoutmonx4b.jpg/120px-Shoutmonx4b.jpg
Shoutmon X4K,Shoutmon X4K (Shoutmon Times Four K),Shoutmon X4K (Shoutmon Times Four K),Perfect,Ultimate,Data,Composite,Shoutmon; Shoutmon X4,,https://wikimon.net/images/thumb/4/4e/Shoutmonx4k.jpg/120px-Shoutmonx4k.jpg
Shoutmon X4S,Shoutmon X4S (Shoutmon Times Four S),Shoutmon X4S (Shoutmon Times Four S),Perfect,Ultimate,Data,Composite,Shoutmon; Shoutmon X4,,https://wikimon.net/images/thumb/b/b7/Shoutmonx4s.jpg/120px-Shoutmonx4s.jpg
Shoutmon X5,Shoutmon X5 (Shoutmon Times Five),Shoutmon X5 (Shoutmon Times Five),Perfect,Ultimate,Data,Composite,Shoutmon; Shoutmon X4,Shoutmon X5 + Skull Greymon; Shoutmon X5S,https://wikimon.net/images/thumb/6/69/Shoutmonx5.jpg/120px-Shoutmonx5.jpg
Shoutmon X5 + Skull Greymon,Shoutmon X5 + Skull Greymon,,No Level,,,,Greymon + Skull Knightmon; Shoutmon X5,,https://wikimon.net/images/thumb/b/b0/Shoutmonx5_skullgreymon.jpg/120px-Shoutmonx5_skullgreymon.jpg
Shoutmon X5B,Shoutmon X5B (Shoutmon Times Five B),Shoutmon X5B (Shoutmon Times Five B),Ultimate,Mega,Data,Composite,Beelzebumon; Shoutmon; Shoutmon X4B,,https://wikimon.net/images/thumb/a/a9/Shoutmonx5b.jpg/120px-Shoutmonx5b.jpg
Shoutmon X5S,Shoutmon X5S,,Ultimate,Mega,Data,Composite,Shoutmon X5,,https://wikimon.net/images/thumb/3/39/Shoutmonx5s.jpg/120px-Shoutmonx5s.jpg
Shoutmon X6,Shoutmon X6,,No Level,,,,Shoutmon DX,,https://wikimon.net/images/thumb/2/2c/Shoutmon_X6.jpg/120px-Shoutmon_X6.jpg
Shoutmon X7,Shoutmon X7 (Shoutmon Times Seven),Shoutmon X7 (Shoutmon Times Seven),Ultimate,Mega,Data,Composite,Omega Shoutmon; Shoutmon DX,Black Shoutmon X7; Shoutmon X7: Superior Mode,https://wikimon.net/images/thumb/a/a6/Shoutmonx7.jpg/120px-Shoutmonx7.jpg
Shoutmon X7: Superior Mode,Shoutmon X7F (Shoutmon Times Seven Final) Superior Mode,Shoutmon X7F (Shoutmon Times Seven Final) Superior Mode,Ultimate,Mega,Data,Composite,Omega Shoutmon; Shoutmon; Shoutmon EX6; Shoutmon X7,,https://wikimon.net/images/thumb/c/ce/Shoutmonx7_superior.jpg/120px-Shoutmonx7_superior.jpg
Shroudmon,Shroudmon,,Ultimate,Mega,Virus,Demon Man,,,https://wikimon.net/images/thumb/f/f4/Shroudmon.jpg/120px-Shroudmon.jpg
Shurimon,Shurimon,,Armor,Armor,Free,Mutation,Hawkmon,Shoutmon X7: Superior Mode,https://wikimon.net/images/thumb/f/f0/Shurimon.jpg/120px-Shurimon.jpg
Shutumon,Zephyrmon,Zephyrmon,Hybrid,Hybrid,Variable,Bird Man,Fairimon,Jet Silphymon,https://wikimon.net/images/thumb/e/e5/Shutumon.jpg/120px-Shutumon.jpg
Siesamon,Seasarmon,Seasarmon,Adult,Champion,Vaccine,Holy Beast,Labramon,Cerberumon; Siesamon (X-Antibody),https://wikimon.net/images/thumb/c/c5/Siesamon.jpg/120px-Siesamon.jpg
Siesamon (X-Antibody),Seasarmon (X Antibody),Seasarmon (X Antibody),Adult,Champion,Vaccine,Holy Beast,Siesamon,,https://wikimon.net/images/thumb/9/93/Siesamonx.jpg/120px-Siesamonx.jpg
Silphymon,Silphymon,Silphymon,Perfect,Ultimate,Free,Beast Man,Angewomon; Aquilamon; Tailmon,Valkyrimon,https://wikimon.net/images/thumb/9/9d/Silphymon.jpg/120px-Silphymon.jpg
Sinduramon,Sinduramon,Sinduramon,Perfect,Ultimate,Data,Holy Bird,,,https://wikimon.net/images/thumb/e/e6/Sinduramon.jpg/120px-Sinduramon.jpg
Sirenmon,Sirenmon,,Perfect,Ultimate,Data,God Man,Kiwimon,Ceresmon,https://wikimon.net/images/thumb/5/5f/Sirenmon.jpg/120px-Sirenmon.jpg
Siriusmon,Siriusmon,Siriusmon,Ultimate,Mega,Vaccine,Light Dragon,Canoweissmon,Proximamon; Ragnamon,https://wikimon.net/images/thumb/9/9a/Siriusmon.jpg/120px-Siriusmon.jpg
Sistermon Blanc,Sistermon Blanc,,Child,Rookie,Vaccine,Puppet,,Sistermon Blanc (Awakened),https://wikimon.net/images/thumb/a/ae/Sistermon_blanc.jpg/120px-Sistermon_blanc.jpg
Sistermon Blanc (Awakened),Sistermon Blanc (Awakened),Sistermon Blanc (Awakened),Child,Rookie,Vaccine,Puppet,Sistermon Blanc,,https://wikimon.net/images/thumb/7/75/Sistermon_blanc_awake.jpg/120px-Sistermon_blanc_awake.jpg
Sistermon Ciel,Sistermon Ciel,,Adult,Champion,Data,Puppet,,Sistermon Ciel (Awakened),https://wikimon.net/images/thumb/5/5b/Sistermon_ciel.jpg/120px-Sistermon_ciel.jpg
Sistermon Ciel (Awakened),Sistermon Ciel (Awakened),Sistermon Ciel (Awakened),Adult,Champion,Data,Puppet,Sistermon Ciel,,https://wikimon.net/images/thumb/0/09/Sistermon_ciel_awaken.jpg/120px-Sistermon_ciel_awaken.jpg
Sistermon Noir,Sistermon Noir,,Adult,Champion,Virus,Puppet,,Sistermon Noir (Awakened),https://wikimon.net/images/thumb/b/b9/Sistermon_noir.jpg/120px-Sistermon_noir.jpg
Sistermon Noir (Awakened),Sistermon Noir (Awakened),Sistermon Noir (Awakened),Adult,Champion,Virus,Puppet,Sistermon Noir,,https://wikimon.net/images/thumb/4/4d/Sistermon_noir_awake.jpg/120px-Sistermon_noir_awake.jpg
Skadimon,Skadimon,Skadimon,Ultimate,Mega,Vaccine,Ice-Snow,Polar Bearmon,,https://wikimon.net/images/thumb/6/67/Skadimon.jpg/120px-Skadimon.jpg
Skull Baluchimon,Skull Baluchimon,,Perfect,Ultimate,Data,Undead,Baluchimon,Titamon + Skull Baluchimon,https://wikimon.net/images/thumb/a/a4/Skullbaluchimon.jpg/120px-Skullbaluchimon.jpg
Skull Greymon,SkullGreymon,SkullGreymon,Perfect,Ultimate,Virus,Undead,Agumon; Greymon; Growmon; Poyomon; Tyranomon,Chimairamon; Mugendramon; Super Dark Knightmon,https://wikimon.net/images/thumb/1/1f/Skullgreymon.jpg/120px-Skullgreymon.jpg
"Skull Greymon: ""G"" Erosion Mode","SkullGreymon: ""G"" Invasion Mode","SkullGreymon: ""G"" Invasion Mode",Perfect,Ultimate,Virus,,,,https://wikimon.net/images/thumb/b/bf/SkullGreymon_G_Erosion_Mode.jpg/120px-SkullGreymon_G_Erosion_Mode.jpg
Skull Knightmon,SkullKnightmon,SkullKnightmon,Adult,Champion,Virus,Undead,Skull Knightmon: Naginata Mode; Tailmon,Dark Knightmon; Grey Knightsmon; Greymon + Skull Knightmon; Shoutmon X3SD; Skull Knightmon (White); Skull Knightmon: Arrow Mode; Skull Knightmon: Big Axe Mode; Skull Knightmon: Cavalier Mode; Skull Knightmon: Naginata Mode,https://wikimon.net/images/thumb/9/93/Skullknightmon.jpg/120px-Skullknightmon.jpg
Skull Knightmon: Arrow Mode,Skull Knightmon: Arrow Mode,,No Level,,,,Skull Knightmon,Skull Knightmon: Naginata Mode,https://wikimon.net/images/thumb/8/8d/Skullknightmon_arrow.jpg/120px-Skullknightmon_arrow.jpg
Skull Knightmon: Big Axe Mode,SkullKnightmon Mighty Axe Mode,SkullKnightmon Mighty Axe Mode,Adult,Champion,Virus,Enhancement,Skull Knightmon: Cavalier Mode,Dark Knightmon,https://wikimon.net/images/thumb/d/dd/Skullknightmon_bigaxe.jpg/120px-Skullknightmon_bigaxe.jpg
Skull Knightmon (Blue),Skull Knightmon (Blue),,No Level,,Virus,Undead,,,https://wikimon.net/images/7/7d/SkullKnightmon_White_vpet_xloader.png
Skull Knightmon (Red),Skull Knightmon (Red),,No Level,,Virus,Undead,,,https://wikimon.net/images/7/75/Skullknightmon_br_battle_dssxw.png
Skull Knightmon: Cavalier Mode,Skull Knightmon: Cavalier Mode,,Adult,Champion,Virus,Enhancement,Deadly Axemon; Skull Knightmon,Dark Knightmon; Skull Knightmon: Big Axe Mode,https://wikimon.net/images/thumb/5/5c/Skullknightmon_cavalier.jpg/120px-Skullknightmon_cavalier.jpg
Skull Knightmon: Naginata Mode,Skull Knightmon: Naginata Mode,,No Level,,,,Skull Knightmon; Skull Knightmon: Arrow Mode,Skull Knightmon,https://wikimon.net/images/thumb/3/3c/Skullknightmon_naginata.jpg/120px-Skullknightmon_naginata.jpg
Skull Knightmon (White),SkullKnightmon (White),SkullKnightmon (White),,,,,Skull Knightmon,,https://wikimon.net/images/thumb/0/03/Skullknightmon_white.jpg/99px-Skullknightmon_white.jpg
Skull Mammon,SkullMammothmon,SkullMammothmon,Ultimate,Mega,Vaccine,Undead,Mammon,Skull Mammon (X-Antibody),https://wikimon.net/images/thumb/b/b7/Skullmammon.jpg/120px-Skullmammon.jpg
Skull Mammon (X-Antibody),SkullMammothmon (X Antibody),SkullMammothmon (X Antibody),Ultimate,Mega,Vaccine,Undead,Skull Mammon,,https://wikimon.net/images/thumb/2/2c/Skullmammonx.jpg/120px-Skullmammonx.jpg
Skull Satamon,Skull Satamon,,Perfect,Ultimate,Virus,Undead,Devimon; Orgemon,Apocalymon; Super Dark Knightmon,https://wikimon.net/images/thumb/f/fe/Skullsatamon.jpg/120px-Skullsatamon.jpg
Skull Seadramon,Skull Seadramon,,Perfect,Ultimate,Virus,Undead,Seadramon; Waru Seadramon,,https://wikimon.net/images/thumb/9/99/Skullseadramon.jpg/120px-Skullseadramon.jpg
Slash Angemon,SlashAngemon,SlashAngemon,Ultimate,Mega,Vaccine,Power,Shakkoumon,,https://wikimon.net/images/thumb/0/0c/Slashangemon.jpg/120px-Slashangemon.jpg
Slayerdramon,Slayerdramon,Slayerdramon,Ultimate,Mega,Vaccine,Dragon Man,Wingdramon,Examon,https://wikimon.net/images/thumb/c/ca/Slayerdramon.jpg/120px-Slayerdramon.jpg
Sleipmon,Kentaurosmon,Kentaurosmon,Ultimate,Mega,Vaccine,Holy Knight,Kudamon (2006 Anime Version); Tyilinmon,Sleipmon (X-Antibody); Sleipmon: Burst Mode; Ultimate Chaosmon,https://wikimon.net/images/thumb/c/ca/Sleipmon.jpg/120px-Sleipmon.jpg
Sleipmon (X-Antibody),Kentaurosmon (X Antibody),Kentaurosmon (X Antibody),Ultimate,Mega,Vaccine,Holy Knight,Sleipmon,,https://wikimon.net/images/thumb/4/40/Sleipmonx.jpg/120px-Sleipmonx.jpg
Sleipmon: Burst Mode,Kentaurosmon Burst,Kentaurosmon Burst,Ultimate,Mega,Vaccine,Holy Knight,Sleipmon,,https://wikimon.net/images/5/56/Sleipmon_Burst_Mode_vpet_dvic.png
Snakemon,Snakemon,,Child,Rookie,,,,,https://wikimon.net/images/thumb/c/c1/Snakemon.jpg/109px-Snakemon.jpg
Snatchmon,Snatchmon,Snatchmon,Adult,Champion,Free,,BEMmon,Destromon; Ragnamon,https://wikimon.net/images/thumb/e/e8/Snatchmon.jpg/120px-Snatchmon.jpg
Snimon,Snimon,,Adult,Champion,Vaccine,Insect,,Scorpiomon,https://wikimon.net/images/thumb/9/92/Snimon.jpg/120px-Snimon.jpg
Snow Goburimon,SnowGoblimon,SnowGoblimon,Child,Rookie,Virus,Oni,,,https://wikimon.net/images/thumb/2/2b/Snowgoburimon.jpg/120px-Snowgoburimon.jpg
Solarmon,Solarmon,,Child,Rookie,Vaccine,Machine,,Clockmon; Guardromon (Gold),https://wikimon.net/images/thumb/8/87/Solarmon.jpg/120px-Solarmon.jpg
Soloogarmon,Soloogarmon,,Perfect,Ultimate,Virus,Demon Beast,Loogamon; Loogarmon,Fenriloogamon,https://wikimon.net/images/thumb/6/6e/Soloogarmon.jpg/120px-Soloogarmon.jpg
Sorcerimon,Sorcermon,Sorcermon,Adult,Champion,Vaccine,Demon Man,,,https://wikimon.net/images/thumb/7/70/Sorcerimon.jpg/120px-Sorcerimon.jpg
Soulmon,Soulmon,,Adult,Champion,Virus,Ghost,Bakemon,Fantomon; Mugendramon,https://wikimon.net/images/thumb/9/9e/Soulmon.jpg/120px-Soulmon.jpg
Soundbirdmon,Soundbirdmon,,Child,Rookie,Virus,Bird,,Deathmon,https://wikimon.net/images/thumb/a/ae/Soundbirdmon.jpg/120px-Soundbirdmon.jpg
Spadamon,Spadamon,Spadamon,Child,Rookie,Free,Weapon,,Shoutmon X4S; Shoutmon X5S; Shoutmon X7: Superior Mode,https://wikimon.net/images/thumb/9/9d/Spadamon.jpg/120px-Spadamon.jpg
Sparrowmon,Sparrowmon,,Child,Rookie,Data,Bird,,Jet Mervamon; Raptor Sparrowmon; Shoutmon + Jet Sparrow; Shoutmon X10; Shoutmon X5; Shoutmon X5B; Shoutmon X7; Shoutmon X7: Superior Mode; Sparrowmon AB; Xros Up Arresterdramon (Sparrowmon),https://wikimon.net/images/thumb/5/57/Sparrowmon2.jpg/120px-Sparrowmon2.jpg
Sparrowmon AB,Sparrowmon AB,,No Level,,,,Sparrowmon,,https://wikimon.net/images/thumb/1/11/Sparrowmon_ab.png/68px-Sparrowmon_ab.png
Spinomon,Spinomon,,Ultimate,Mega,Virus,Dinosaur,,,https://wikimon.net/images/thumb/d/d5/Spinomon.jpg/120px-Spinomon.jpg
Splashmon,Splashmon,,Perfect,Ultimate,Virus,Aquatic Beast Man,,Splashmon Darkness Mode (Drippins); Splashmon Darkness Mode,https://wikimon.net/images/thumb/e/e1/Splashmon.jpg/120px-Splashmon.jpg
Splashmon Darkness Mode (Drippins),Splashmon Darkness Mode 1,Splashmon Darkness Mode 1,No Level,,,,Splashmon,Splashmon Darkness Mode,https://wikimon.net/images/thumb/b/bd/Splashmon_%2B_Drippin.png/120px-Splashmon_%2B_Drippin.png
Splashmon Darkness Mode,Splashmon Darkness Mode 2,Splashmon Darkness Mode 2,Perfect,Ultimate,Virus,Aquatic Beast Man,Splashmon; Splashmon Darkness Mode (Drippins),Grand Generamon; Grand Generamon,https://wikimon.net/images/thumb/a/ae/Splashmon_darkness.jpg/120px-Splashmon_darkness.jpg
Star Axe,Star Axe,,No Level,,,,Starmons,,https://wikimon.net/images/thumb/2/2e/Star_Axe.png/120px-Star_Axe.png
Starmon,Starmon,Starmon,Adult,Champion,Data,Mutation,,Shoutmon X7: Superior Mode; Starmon (X-Antibody); Superstarmon,https://wikimon.net/images/thumb/4/41/Starmon.jpg/120px-Starmon.jpg
Starmon (X-Antibody),Starmon (X Antibody),Starmon (X Antibody),Adult,Champion,Data,Mutation,Starmon,,https://wikimon.net/images/thumb/9/95/Starmonx.jpg/120px-Starmonx.jpg
Starmons,Starmons,,Child,Rookie,Data,Major,Pickmon,Beelzebumon + Starmons; Dorulumon + Starmons; Rare Star Sword; Shooting Starmon; Shoutmon + Star Sword; Shoutmon SH; Shoutmon X10; Shoutmon X4; Shoutmon X4B; Shoutmon X4K; Shoutmon X4S; Shoutmon X5; Shoutmon X5B; Shoutmon X6; Shoutmon X7; Shoutmon X7: Superior Mode; Star Axe,https://wikimon.net/images/thumb/1/1c/Starmons.jpg/120px-Starmons.jpg
Stegomon,Stegomon,Stegomon,Armor,Armor,Free,Stegosaur,,,https://wikimon.net/images/thumb/d/d1/Stegomon.jpg/120px-Stegomon.jpg
Stiffilmon,Stefilmon,Stefilmon,Perfect,Ultimate,Data,Beast Man,Filmon; Herissmon,Rasenmon; Rasenmon: Fury Mode,https://wikimon.net/images/thumb/6/6b/Stiffilmon.jpg/120px-Stiffilmon.jpg
Stingmon,Stingmon,,Adult,Champion,Free,Insect,Wormmon,Dinobeemon; Imperialdramon: Dragon Mode; Jewelbeemon; Paildramon; Shoutmon X7: Superior Mode,https://wikimon.net/images/thumb/3/3d/Stingmon.jpg/120px-Stingmon.jpg
Stingmon (Black),Stingmon (Black),,Adult,Champion,Data,Insect,,,https://wikimon.net/images/thumb/b/bf/St-769.jpg/83px-St-769.jpg
Strabimon,Strabimon,Strabimon,Hybrid,Hybrid,Variable,Beast Man,,Wolfmon,https://wikimon.net/images/thumb/c/c2/Storabimon.jpg/120px-Storabimon.jpg
Strikedramon,Strikedramon,Strikedramon,Adult,Champion,Vaccine,Dragon Man,Monodramon,Cyberdramon,https://wikimon.net/images/thumb/7/73/Strikedramon.jpg/120px-Strikedramon.jpg
Styracomon,Styracomon,,Ultimate,Mega,Data,Dragon Man,Medusamon,,https://wikimon.net/images/thumb/c/c9/Styracomon.jpg/120px-Styracomon.jpg
Suannishou,Suannishou,,,,,,Zhilongshou,,https://wikimon.net/images/thumb/d/dc/Suanimon.png/71px-Suanimon.png
Submarimon,Submarimon,Submarimon,Armor,Armor,Free,Aquatic,Armadimon,Xros Up Submarimon (Plesiomon),https://wikimon.net/images/thumb/a/a4/Submarimon.jpg/120px-Submarimon.jpg
Suijinmon,Suijinmon,,Ultimate,Mega,Data,Machine,,,https://wikimon.net/images/thumb/5/5a/Suijinmon.jpg/120px-Suijinmon.jpg
Sunamon,Sandmon,Sandmon,Baby I,Baby I / Fresh / In-Training I,Free,Slime,Digitama,Goromon,https://wikimon.net/images/thumb/1/14/Sunamon.jpg/120px-Sunamon.jpg
Sunarizamon,Sunarizamon,Sunarizamon,Child,Rookie,Virus,Reptile,,Landramon,https://wikimon.net/images/thumb/8/8b/Sunalizamon.jpg/120px-Sunalizamon.jpg
Sunflowmon,Sunflowmon,,Adult,Champion,Data,Plant,Lalamon; Palmon,Lilamon; Shoutmon X7: Superior Mode,https://wikimon.net/images/thumb/2/2c/Sunflowmon.jpg/120px-Sunflowmon.jpg
Sunmon,Sunmon,Sunmon,Baby II,Baby II / In-Training / In-Training II,,Lesser,,Coronamon,https://wikimon.net/images/thumb/b/b4/Sunmon.jpg/120px-Sunmon.jpg
Super Dark Knightmon,Super Dark Knightmon,,No Level,,Virus,,Dark Knightmon,,https://wikimon.net/images/thumb/0/0e/Superdarkknightmon2.jpg/120px-Superdarkknightmon2.jpg
Superstarmon,Superstarmon,,Perfect,Ultimate,Data,Mutation,Starmon,Xros Up Tuwarmon (Superstarmon),https://wikimon.net/images/thumb/7/76/Superstarmon.jpg/120px-Superstarmon.jpg
Surfimon,Surfimon,,Ultimate,Mega,Vaccine,Cyborg,,,https://wikimon.net/images/thumb/4/45/Surfimon.jpg/120px-Surfimon.jpg
Susanoomon,Susanomon,Susanomon,Ultimate,Mega,Vaccine,God Man,Aldamon; Kaiser Greymon; Magna Garurumon,,https://wikimon.net/images/thumb/7/73/Susanoomon.jpg/120px-Susanoomon.jpg
Swanmon,Swanmon,,Armor,Armor,Free,Bird,,,https://wikimon.net/images/thumb/4/4d/Swanmon.jpg/120px-Swanmon.jpg
Swimmon,Swimmon,,Child,Rookie,Vaccine,Tropical Fish,,,https://wikimon.net/images/thumb/0/0d/Swimmon.jpg/120px-Swimmon.jpg
Symbare Angoramon,Symbare Angoramon,,Adult,Champion,Vaccine,Beast Man,Angoramon,Lamortmon,https://wikimon.net/images/thumb/e/e0/Symbareangoramon.jpg/120px-Symbareangoramon.jpg
Tactimon,Tactimon,,Ultimate,Mega,Data,Demon Man,,,https://wikimon.net/images/thumb/c/c8/Tactimon2.jpg/120px-Tactimon2.jpg
TafaPandashou,TafaPandashou,,,,,,PalaPandashou,,https://wikimon.net/images/thumb/f/fa/TalaPandamon_manhua.jpg/79px-TalaPandamon_manhua.jpg
Tailmon,Gatomon,Gatomon,Adult,Champion,Vaccine,Holy Beast,Plotmon,Angewomon; Butterflamon; Dark Knightmon; Holydramon; Nefertimon; Ofanimon; Ofanimon: Falldown Mode; Shoutmon X7: Superior Mode; Silphymon; Skull Knightmon; Tailmon (X-Antibody); Tylomon,https://wikimon.net/images/thumb/9/95/Tailmon.jpg/120px-Tailmon.jpg
Tailmon (X-Antibody),Gatomon (X Antibody),Gatomon (X Antibody),Adult,Champion,Vaccine,Holy Beast,Tailmon,Angewomon (X-Antibody),https://wikimon.net/images/thumb/5/52/Tailmonx.jpg/120px-Tailmonx.jpg
Takinmon,Takinmon,,Child,Rookie,Vaccine,Beast,,,https://wikimon.net/images/thumb/d/de/Takinmon.jpg/120px-Takinmon.jpg
Takutoumon,Takutoumon,,Ultimate,Mega,Vaccine,God Man,,Takutoumon: Wrath Mode,https://wikimon.net/images/thumb/0/0e/Takutoumon.jpg/120px-Takutoumon.jpg
Takutoumon: Wrath Mode,Takutoumon: Wrath Mode,,Ultimate,Mega,Vaccine,God Man,Takutoumon,,https://wikimon.net/images/thumb/3/38/Takutoumon_wrath.jpg/120px-Takutoumon_wrath.jpg
Tanemon,Tanemon,Tanemon,Baby II,Baby II / In-Training / In-Training II,Data,Bulb,Nyokimon; Yuramon,Lalamon; Mushmon; Palmon; Shoutmon X7: Superior Mode,https://wikimon.net/images/thumb/3/3d/Tanemon.jpg/120px-Tanemon.jpg
Tankdramon,Tankdramon,,Perfect,Ultimate,Virus,Machine,Sealsdramon,Darkdramon,https://wikimon.net/images/thumb/5/5d/Tankdramon.jpg/120px-Tankdramon.jpg
Tankmon,Tankmon,Tankmon,Adult,Champion,Data,Cyborg,,,https://wikimon.net/images/thumb/6/6d/Tankmon.jpg/120px-Tankmon.jpg
Taomon,Taomon,,Perfect,Ultimate,Data,Demon Man,Kyubimon,Sakuyamon,https://wikimon.net/images/thumb/2/2c/Taomon.jpg/120px-Taomon.jpg
Taomon (Silver),Taomon (Silver),,Perfect,Ultimate,Vaccine,Demon Man,,,https://wikimon.net/images/thumb/1/16/Taomon_silver.jpg/120px-Taomon_silver.jpg
Taotiemon,Taotiemon,,Ultimate,Mega,Virus,Oni,,,https://wikimon.net/images/thumb/3/3e/Taotiemon.jpg/120px-Taotiemon.jpg
Taowumon,Taowumon,Taowumon,Ultimate,Mega,Virus,Demon Beast,,,https://wikimon.net/images/thumb/7/71/Taowumon.jpg/120px-Taowumon.jpg
Targetmon,Targetmon,,Adult,Champion,Virus,Puppet,,,https://wikimon.net/images/thumb/b/b9/Targetmon.jpg/120px-Targetmon.jpg
Technodramon,Technodramon,,Ultimate,Mega,,,,,https://wikimon.net/images/9/9a/Technodramon.gif
Tekkamon,Tekkamon,Tekkamon,Perfect,Ultimate,Virus,Machine,,,https://wikimon.net/images/thumb/9/9d/Tekkamon.jpg/120px-Tekkamon.jpg
Tempomon,Tempomon,,Perfect,Ultimate,Data,Bird Man,,,https://wikimon.net/images/thumb/3/39/Tempomon.jpg/120px-Tempomon.jpg
Tengumon,Tengumon,,Ultimate,Mega,Virus,Bird Man,Karatenmon,,https://wikimon.net/images/thumb/0/08/Tengumon.jpg/120px-Tengumon.jpg
Tenkomon,Tenkomon,,Adult,Champion,Virus,Bewitching Beast,Renamon,Sekkamon,https://wikimon.net/images/thumb/a/a5/Tenkomon_alysion.png/99px-Tenkomon_alysion.png
Tentomon,Tentomon,,Child,Rookie,Vaccine,Insect,Mochimon,Atlur Kabuterimon (Red); Herakle Kabuterimon; Jiko Tyumon; Kabuterimon,https://wikimon.net/images/thumb/a/ac/Tentomon.jpg/120px-Tentomon.jpg
Terriermon,Terriermon,Terriermon,Child,Rookie,Vaccine,Beast,Gummymon,Galgomon; Rapidmon Armor; Rapidmon Perfect; Saint Galgomon; Shoutmon X7: Superior Mode; Terriermon (X-Antibody),https://wikimon.net/images/thumb/5/51/Terriermon.jpg/120px-Terriermon.jpg
Terriermon (X-Antibody),Terriermon (X Antibody),Terriermon (X Antibody),Child,Rookie,Vaccine,Beast,Terriermon,,https://wikimon.net/images/thumb/0/0d/Terriermonx.jpg/120px-Terriermonx.jpg
Terriermon Assistant,Terriermon Assistant,Terriermon Assistant,Child,Rookie,Vaccine,Beast,,Maquinamon,https://wikimon.net/images/thumb/a/aa/Terriermon_assistant.jpg/120px-Terriermon_assistant.jpg
Tesla Jellymon,Tesla Jellymon,,Adult,Champion,Data,Mollusk,Jellymon,Thetismon,https://wikimon.net/images/thumb/7/7a/Teslajellymon.jpg/120px-Teslajellymon.jpg
Thetismon,Thetismon,,Perfect,Ultimate,Data,Aquatic Beast Man,Jellymon; Tesla Jellymon,Amphimon,https://wikimon.net/images/thumb/2/2c/Thetismon.jpg/120px-Thetismon.jpg
Thunderballmon,Thundermon,Thundermon,Adult,Champion,Data,Mutation,Elecmon (Violet),Shoutmon X7: Superior Mode; Thunderballmon (X-Antibody),https://wikimon.net/images/thumb/3/35/Thunderballmon.jpg/120px-Thunderballmon.jpg
Thunderballmon (X-Antibody),Thundermon (X Antibody),Thundermon (X Antibody),Adult,Champion,Data,Mutation,Thunderballmon,,https://wikimon.net/images/thumb/e/e8/Thunderballmonx.jpg/120px-Thunderballmonx.jpg
Thunderbirmon,Thunderbirdmon,Thunderbirdmon,Armor,Armor,Data,Giant Bird,,Gravimon Darkness Mode,https://wikimon.net/images/thumb/d/d1/Thunderbirmon.jpg/120px-Thunderbirmon.jpg
Tia Ludomon,Tia Ludomon,,Adult,Champion,Data,Armor,Ludomon,Raiji Ludomon,https://wikimon.net/images/thumb/b/b7/Tialudomon.jpg/120px-Tialudomon.jpg
Tiger Vespamon,TigerVespamon,TigerVespamon,Ultimate,Mega,Virus,Cyborg,Vespamon,,https://wikimon.net/images/thumb/8/8e/Tigervespamon.jpg/120px-Tigervespamon.jpg
Tinkermon,Tinkermon,,Child,Rookie,Virus,Fairy,Nyaromon,Fairimon,https://wikimon.net/images/thumb/6/6c/Tinkermon.jpg/120px-Tinkermon.jpg
Titamon,Titamon,,Ultimate,Mega,Virus,God Man,Digitamamon; Orgemon,Berserk Titamon; Titamon + Skull Baluchimon,https://wikimon.net/images/thumb/c/c3/Titamon.jpg/120px-Titamon.jpg
Titamon + Skull Baluchimon,Titamon + Skull Baluchimon,,Ultimate,Mega,Virus,God Man,Skull Baluchimon; Titamon,,https://wikimon.net/images/thumb/6/6f/Titamon_skullbaluchimon.jpg/120px-Titamon_skullbaluchimon.jpg
Tlalocmon,Tlalocmon,Tlalocmon,Ultimate,Mega,Data,Mineral,,,https://wikimon.net/images/thumb/8/8c/Tlalocmon.jpg/120px-Tlalocmon.jpg
Tobiumon,Tobiumon,Tobiumon,Adult,Champion,Vaccine,Aquatic,,,https://wikimon.net/images/thumb/8/88/Tobiumon.jpg/120px-Tobiumon.jpg
Tobucatmon,Tobucatmon,,Adult,Champion,Data,Puppet,,,https://wikimon.net/images/thumb/c/c9/Tobucatmon.jpg/120px-Tobucatmon.jpg
Tocanmon,Toucanmon,Toucanmon,Armor,Armor,Free,Bird,,Shoutmon X7: Superior Mode,https://wikimon.net/images/thumb/8/84/Tocanmon.jpg/120px-Tocanmon.jpg
Togemogumon,Togemogumon,Togemogumon,Armor,Armor,Free,Mammal,,,https://wikimon.net/images/thumb/a/a2/Togemogumon.jpg/120px-Togemogumon.jpg
Togemon,Togemon,,Adult,Champion,Data,Plant,Palmon,Lilimon; Ponchomon; Rosemon; Shoutmon X7: Superior Mode; Togemon (X-Antibody),https://wikimon.net/images/thumb/0/0f/Togemon.jpg/120px-Togemon.jpg
Togemon (X-Antibody),Togemon (X Antibody),Togemon (X Antibody),Adult,Champion,Data,Plant,,,https://wikimon.net/images/thumb/8/8a/Togemonx.jpg/120px-Togemonx.jpg
Tokomon,Tokomon,Tokomon,Baby II,Baby II / In-Training / In-Training II,Data,Lesser,Poyomon,Grappu Leomon; Holy Angemon; Mirage Gaogamon; Mugendramon; Patamon; Tokomon (X-Antibody),https://wikimon.net/images/thumb/e/ec/Tokomon.jpg/120px-Tokomon.jpg
Tokomon (X-Antibody),Tokomon (X-Antibody),,Baby II,Baby II / In-Training / In-Training II,Free,Lesser,,,https://wikimon.net/images/thumb/1/16/Tokomonx.jpg/120px-Tokomonx.jpg
Tomorimon,Tomorimon,,Baby I,Baby I / Fresh / In-Training I,Free,Ghost,Digitama,Onibimon,https://wikimon.net/images/thumb/e/e5/Tomorimon.jpg/120px-Tomorimon.jpg
Tonosama Gekomon,ShogunGekomon,ShogunGekomon,Perfect,Ultimate,Virus,Amphibian,Gekomon; Otamamon,,https://wikimon.net/images/thumb/d/d3/Tonosamagekomon.jpg/120px-Tonosamagekomon.jpg
Tonosama Mamemon,Tonosama Mamemon,,Ultimate,Mega,Data,Mutation,Mamemon,,https://wikimon.net/images/thumb/4/48/Tonosamamamemon.jpg/120px-Tonosamamamemon.jpg
Torikara Ballmon,TorikaraBallmon,TorikaraBallmon,Baby II,Baby II / In-Training / In-Training II,Data,Food,,,https://wikimon.net/images/thumb/0/02/Torikaraballmon.jpg/120px-Torikaraballmon.jpg
Toropiamon,Toropiamon,Toropiamon,Perfect,Ultimate,Virus,Plant,,,https://wikimon.net/images/thumb/6/6b/Toropiamon.jpg/120px-Toropiamon.jpg
Tortamon,Tortomon,Tortomon,Adult,Champion,Vaccine,Reptile,,,https://wikimon.net/images/thumb/0/08/Tortamon.jpg/120px-Tortamon.jpg
Toy Agumon,Toy Agumon,,Child,Rookie,Vaccine,Puppet,,Maquinamon; Shoutmon X7: Superior Mode; Toy Agumon (Black),https://wikimon.net/images/thumb/1/1d/Toyagumon.jpg/120px-Toyagumon.jpg
Toy Agumon (Black),ShadowToyAgumon,ShadowToyAgumon,Child,Rookie,Virus,Puppet,Toy Agumon,,https://wikimon.net/images/thumb/b/b1/Toyagumon_black.jpg/120px-Toyagumon_black.jpg
Trailmon Angler,Trailmon Angler,,Adult,Champion,Data,Machine,,,https://wikimon.net/images/thumb/5/5e/Trailmon_angler.png/120px-Trailmon_angler.png
Trailmon Ball,Trailmon Ball,,Adult,Champion,Data,Machine,,,https://wikimon.net/images/thumb/7/76/Trailmon_ball.png/84px-Trailmon_ball.png
Trailmon Battle Form,Trailmon Battle Form,,,,Data,Machine,Trailmon C-89,,https://wikimon.net/images/thumb/1/1b/Trailmon_Battle_Form.png/120px-Trailmon_Battle_Form.png
Trailmon Buffalo,Trailmon Buffalo,,Adult,Champion,Data,Machine,,,https://wikimon.net/images/thumb/1/13/Trailmon_Buffolo.JPG/120px-Trailmon_Buffolo.JPG
Trailmon C-89,Trailmon C-89,,Adult,Champion,Data,Machine,Trailmon Battle Form,Trailmon Battle Form,https://wikimon.net/images/thumb/2/2b/Trailmon_C-89.jpg/120px-Trailmon_C-89.jpg
Trailmon Franken,Trailmon Franken,,Adult,Champion,Data,Machine,,,https://wikimon.net/images/thumb/8/8d/Trailmon_Franken.JPG/120px-Trailmon_Franken.JPG
Trailmon Kettle,Trailmon Kettle,,Adult,Champion,Data,Machine,,Shoutmon X7: Superior Mode,https://wikimon.net/images/thumb/a/a2/Trailmon_Kettle.jpg/120px-Trailmon_Kettle.jpg
Trailmon Mole,Trailmon Mole,,Adult,Champion,Data,Machine,,,https://wikimon.net/images/thumb/9/97/Trailmon_Mole.JPG/120px-Trailmon_Mole.JPG
Trailmon of Darkness,DarkTrailmon,DarkTrailmon,Adult,Champion,Data,Machine,,,https://wikimon.net/images/thumb/c/ca/Trailmon_of_Darkness.JPG/120px-Trailmon_of_Darkness.JPG
Trailmon Raccoon Dog,Trailmon Raccoon Dog,,Adult,Champion,Data,Machine,,,https://wikimon.net/images/thumb/c/c7/Trailmon_Raccon_Dog_%26_Blitzmon.JPG/120px-Trailmon_Raccon_Dog_%26_Blitzmon.JPG
Trailmon Worm,Trailmon Worm,,Adult,Champion,Data,Machine,,,https://wikimon.net/images/thumb/e/e3/Trailmon.jpg/120px-Trailmon.jpg
Triceramon,Triceramon,Triceramon,Perfect,Ultimate,Data,Ceratopsian,Agumon; Monochromon,Triceramon (X-Antibody); Xros Up Astamon (Triceramon),https://wikimon.net/images/thumb/4/4e/Triceramon.jpg/120px-Triceramon.jpg
Triceramon (X-Antibody),Triceramon (X Antibody),Triceramon (X Antibody),Perfect,Ultimate,Data,Ceratopsian,Triceramon,,https://wikimon.net/images/thumb/8/81/Triceramonx.jpg/120px-Triceramonx.jpg
Troopmon,Troopmon,,Adult,Champion,Data,Undead,,Mad Leomon: Armed Mode,https://wikimon.net/images/thumb/8/8f/Troopmon.jpg/120px-Troopmon.jpg
Tsubumon,Tsubumon,Tsubumon,Baby I,Baby I / Fresh / In-Training I,Free,Slime,Digitama,Shoutmon X7: Superior Mode; Upamon,https://wikimon.net/images/thumb/d/de/Tsubumon.jpg/120px-Tsubumon.jpg
Tsumemon,Tsumemon,,Baby II,Baby II / In-Training / In-Training II,Free,Species Unknown,Kuramon,Keramon,https://wikimon.net/images/thumb/4/4e/Tsumemon.jpg/120px-Tsumemon.jpg
Tuchidarumon,MudFrigimon,MudFrigimon,Adult,Champion,Data,Mutation,,,https://wikimon.net/images/thumb/e/e9/Tuchidarumon.jpg/120px-Tuchidarumon.jpg
Tukaimon,Tsukaimon,Tsukaimon,Child,Rookie,Virus,Mammal,,Devimon,https://wikimon.net/images/thumb/5/52/Tukaimon.jpg/120px-Tukaimon.jpg
Tunomon,Tsunomon,Tsunomon,Baby II,Baby II / In-Training / In-Training II,Data,Lesser,Punimon,Elecmon; Gabumon; Gabumon (Black); Mach Gaogamon; Saber Leomon; Shoutmon X7: Superior Mode,https://wikimon.net/images/thumb/5/59/Tunomon.jpg/120px-Tunomon.jpg
Turbomon,Turbomon,Turbomon,Adult,Champion,Virus,Beast,Maquinamon,Maneuvermon,https://wikimon.net/images/thumb/c/c5/Turbomon.jpg/120px-Turbomon.jpg
Turuiemon,Turuiemon,Turuiemon,Adult,Champion,Data,Beast Man,Lopmon,Andiramon (Deva),https://wikimon.net/images/thumb/8/88/Turuiemon.jpg/120px-Turuiemon.jpg
Tuskmon,Tuskmon,Tuskmon,Adult,Champion,Virus,Dinosaur,Agumon,,https://wikimon.net/images/thumb/b/b3/Tuskmon.jpg/120px-Tuskmon.jpg
Tuwarmon,Tuwarmon,,Adult,Champion,Virus,Mutation,Damemon,Damemon; Deadly Tuwarmon; Deadly Tuwarmon Hell Mode; Muso Knightmon; Shoutmon X10; Xros Up Tuwarmon (Superstarmon),https://wikimon.net/images/thumb/c/c3/Tuwarmon.jpg/120px-Tuwarmon.jpg
Tyilinmon,Chirinmon,Chirinmon,Perfect,Ultimate,Vaccine,Holy Beast,Kudamon (2006 Anime Version); Reppamon,Mitamamon; Sleipmon,https://wikimon.net/images/thumb/a/a9/Tyilinmon.jpg/120px-Tyilinmon.jpg
Tylomon,Tylomon,Tylomon,Armor,Armor,Free,Ocean Dragon,Shakomon; Tailmon,Tylomon (X-Antibody),https://wikimon.net/images/thumb/0/07/Tylomon.jpg/120px-Tylomon.jpg
Tylomon (X-Antibody),Tylomon (X Antibody),Tylomon (X Antibody),Adult,Champion,Vaccine,Ocean Dragon,Tylomon,,https://wikimon.net/images/thumb/0/02/Tylomonx.jpg/120px-Tylomonx.jpg
Tyranomon,Tyrannomon,Tyrannomon,Adult,Champion,Data,Dinosaur,Agumon; Tyumon,Master Tyranomon; Metal Tyranomon; Skull Greymon; Tyranomon (X-Antibody),https://wikimon.net/images/thumb/2/29/Tyranomon.jpg/120px-Tyranomon.jpg
Tyranomon (X-Antibody),Tyrannomon (X Antibody),Tyrannomon (X Antibody),Adult,Champion,Data,Dinosaur,Tyranomon,,https://wikimon.net/images/thumb/d/da/Tyranomonx.jpg/120px-Tyranomonx.jpg
Tyrant Kabuterimon,Tyrant Kabuterimon,,Ultimate,Mega,Virus,Insect,,,https://wikimon.net/images/thumb/9/91/Tyrantkabuterimon.jpg/120px-Tyrantkabuterimon.jpg
Tyumon,Chuumon,Chuumon,Child,Rookie,Virus,Beast,,Searchmon; Shoutmon X7: Superior Mode; Tyranomon,https://wikimon.net/images/thumb/e/ec/Tyumon.jpg/120px-Tyumon.jpg
Tyutyumon,ChuuChuumon,ChuuChuumon,Child,Rookie,Virus,Beast,,,https://wikimon.net/images/thumb/9/9c/Tyutyumon.jpg/120px-Tyutyumon.jpg
Ukkomon,Ukkomon,,Child,Rookie,Free,Ancient Fairy,Digitama,,https://wikimon.net/images/thumb/e/e1/Ukkomon.jpg/120px-Ukkomon.jpg
Ulforce V-dramon,UlforceVeedramon,UlforceVeedramon,Ultimate,Mega,Vaccine,Holy Knight,Aero V-dramon; V-dramon; V-mon,Ulforce V-dramon (X-Antibody); Ulforce V-dramon Future Mode,https://wikimon.net/images/thumb/6/6b/Ulforcevdramon.jpg/120px-Ulforcevdramon.jpg
Ulforce V-dramon (X-Antibody),UlforceVeedramon (X Antibody),UlforceVeedramon (X Antibody),Ultimate,Mega,Vaccine,Holy Knight,Ulforce V-dramon,,https://wikimon.net/images/thumb/5/56/Ulforcevdramonx.jpg/120px-Ulforcevdramonx.jpg
Ulforce V-dramon Future Mode,Ulforce V-dramon Future Mode,,Ultimate,Mega,Vaccine,Holy Knight,Aero V-dramon; Ulforce V-dramon,,https://wikimon.net/images/thumb/b/b7/Alforcevdramon_zero_superultimate.jpg/120px-Alforcevdramon_zero_superultimate.jpg
Ultimate Brachimon,UltimateBrachiomon,UltimateBrachiomon,Ultimate,Mega,Data,Cyborg,,,https://wikimon.net/images/thumb/0/05/Ultimatebrachimon.jpg/120px-Ultimatebrachimon.jpg
Ultimate Chaosmon,UltimateChaosmon,UltimateChaosmon,Ultimate,Mega,Data,Unique,Bancho Leomon; Darkdramon; Sleipmon; Valdurmon,,https://wikimon.net/images/thumb/c/cc/Ultimatechaosmon.jpg/120px-Ultimatechaosmon.jpg
Umon,Umon,,,,,,,,https://wikimon.net/images/thumb/b/b1/Umon.jpg/65px-Umon.jpg
Unimon,Unimon,,Adult,Champion,Vaccine,Mythical Beast,Cutemon,Shoutmon X7: Superior Mode,https://wikimon.net/images/thumb/2/29/Unimon.jpg/120px-Unimon.jpg
Unnamed Digimon 1 (Legendary Skies),Unnamed Digimon 1 (Legendary Skies),,,,,,,,https://wikimon.net/images/thumb/7/78/Unnamed_digimon_1_legendary_skies.png/87px-Unnamed_digimon_1_legendary_skies.png
Unnamed Digimon 2 (Legendary Skies),Unnamed Digimon 2 (Legendary Skies),,,,,,,,https://wikimon.net/images/thumb/4/43/Unnamed_digimon_2_legendary_skies.png/120px-Unnamed_digimon_2_legendary_skies.png
Unnamed Trailmon 1 (Next),Unnamed Trailmon 1 (Next),,Adult,Champion,Data,Machine,,,https://wikimon.net/images/thumb/2/2b/Unnamed_trailmon_1_next.jpg/120px-Unnamed_trailmon_1_next.jpg
Unnamed Trailmon 2 (Next),Unnamed Trailmon 2 (Next),,Adult,Champion,Data,Machine,,,https://wikimon.net/images/thumb/d/d2/Unnamed_trailmon_2_next.jpg/120px-Unnamed_trailmon_2_next.jpg
Unnamed Trailmon 3 (Next),Unnamed Trailmon 3 (Next),,Adult,Champion,Data,Machine,,,https://wikimon.net/images/thumb/f/fe/Unnamed_trailmon_3_next.jpg/120px-Unnamed_trailmon_3_next.jpg
Upamon,Upamon,,Baby II,Baby II / In-Training / In-Training II,Free,Amphibian,Tsubumon,Armadimon; Shoutmon X7: Superior Mode,https://wikimon.net/images/thumb/d/dd/Upamon.jpg/120px-Upamon.jpg
Urashimamon,Urashimamon,,Armor,Armor,,,Gomamon,,https://wikimon.net/images/thumb/6/61/Digimon_noimage.jpg/120px-Digimon_noimage.jpg
V-dramon,Veedramon,Veedramon,Adult,Champion,Vaccine,Mythical Dragon,V-mon,Aero V-dramon; Red V-dramon; Ulforce V-dramon,https://wikimon.net/images/thumb/1/1f/Vdramon.jpg/120px-Vdramon.jpg
V-dramon (Black),V-dramon (Black),,Adult,Champion,Virus,Mythical Dragon,,,https://wikimon.net/images/thumb/3/3d/Bo-552.jpg/83px-Bo-552.jpg
V-mon,Veemon,Veemon,Child,Rookie,Free,Small Dragon,Chibimon,Fladramon; Gold V-dramon; Imperialdramon: Dragon Mode; Imperialdramon: Fighter Mode; Imperialdramon: Paladin Mode; Lighdramon; Magnamon; Sagittarimon; Shoutmon X7: Superior Mode; Ulforce V-dramon; V-dramon; XV-mon,https://wikimon.net/images/thumb/2/23/Vmon.jpg/120px-Vmon.jpg
Vademon,Vademon,,Perfect,Ultimate,Virus,Space Alien,Vegimon,EBEmon; Vademon (X-Antibody),https://wikimon.net/images/thumb/9/90/Vademon.jpg/120px-Vademon.jpg
Vademon (X-Antibody),Vademon (X Antibody),Vademon (X Antibody),Perfect,Ultimate,Virus,Space Alien,Vademon,,https://wikimon.net/images/thumb/f/fd/Vademonx.jpg/120px-Vademonx.jpg
Vajramon,Vajramon,Vajramon,Perfect,Ultimate,Vaccine,Holy Beast,,,https://wikimon.net/images/thumb/b/b0/Vajramon.jpg/120px-Vajramon.jpg
Valdurmon,Varodurumon,Varodurumon,Ultimate,Mega,Vaccine,Holy Bird,Falcomon,Chaosmon: Valdur Arm; Ultimate Chaosmon,https://wikimon.net/images/thumb/e/e0/Valdurmon.jpg/120px-Valdurmon.jpg
Valkyrimon,Valkyrimon,,Ultimate,Mega,Free,Warrior,Silphymon,,https://wikimon.net/images/thumb/8/87/Valkyrimon.jpg/120px-Valkyrimon.jpg
Valvemon,Bulbmon,Bulbmon,Perfect,Ultimate,Data,Machine,,,https://wikimon.net/images/thumb/f/f1/Valvemon.jpg/120px-Valvemon.jpg
Vamdemon,Myotismon,Myotismon,Perfect,Ultimate,Virus,Undead,Bakemon; Dracumon,Belial Vamdemon; Neo Vamdemon; Vamdemon (X-Antibody); Venom Vamdemon; Voltobautamon,https://wikimon.net/images/thumb/6/66/Vamdemon.jpg/120px-Vamdemon.jpg
Vamdemon (X-Antibody),Myotismon (X Antibody),Myotismon (X Antibody),Perfect,Ultimate,Virus,Undead,Vamdemon,,https://wikimon.net/images/thumb/8/8f/Vamdemonx.jpg/120px-Vamdemonx.jpg
Vegimon,Vegiemon,Vegiemon,Adult,Champion,Virus,Insectivorous Plant,Floramon; Mochimon,Red Vegimon; Shoutmon X7: Superior Mode; Vademon,https://wikimon.net/images/thumb/0/0f/Vegimon.jpg/120px-Vegimon.jpg
Velgrmon,Velgemon,Velgemon,Hybrid,Hybrid,Variable,Giant Bird,Duskmon,Duskmon; Kaiser Leomon,https://wikimon.net/images/thumb/b/bc/Velgrmon.jpg/120px-Velgrmon.jpg
Venom Vamdemon,VenomMyotismon,VenomMyotismon,Ultimate,Mega,Virus,Demon Beast,Vamdemon,Belial Vamdemon,https://wikimon.net/images/thumb/a/a1/Venomvamdemon.jpg/120px-Venomvamdemon.jpg
Venom Vamdemon Undead,Venom Vamdemon Undead,,,,,,,,https://wikimon.net/images/thumb/e/ee/Venomvamdemon_undead.jpg/120px-Venomvamdemon_undead.jpg
Venusmon,Venusmon,,Ultimate,Mega,Vaccine,God Man,Shellmon,,https://wikimon.net/images/thumb/e/e1/Venusmon.jpg/120px-Venusmon.jpg
Vermillimon,Vermilimon,Vermilimon,Perfect,Ultimate,Data,Ankylosaur,Monochromon,,https://wikimon.net/images/thumb/8/88/Vermillimon.jpg/120px-Vermillimon.jpg
Vespamon,Vespamon,Vespamon,Perfect,Ultimate,Virus,Cyborg,Forgebeemon; Funbeemon,Queenbeemon; Tiger Vespamon,https://wikimon.net/images/thumb/a/a6/Vespamon.jpg/120px-Vespamon.jpg
Victory Greymon,VictoryGreymon,VictoryGreymon,Ultimate,Mega,Vaccine,Dragon Man,Rize Greymon,,https://wikimon.net/images/thumb/5/5a/Victorygreymon.jpg/120px-Victorygreymon.jpg
Vikaralamon,Vikaralamon,Vikaralamon,Perfect,Ultimate,Vaccine,Holy Beast,,,https://wikimon.net/images/thumb/2/2a/Vikaralamon.jpg/120px-Vikaralamon.jpg
Vikemon,Vikemon,Vikemon,Ultimate,Mega,Free,Beast Man,Gomamon; Ikkakumon; Shakkoumon; Zudomon,Omegamon: Merciful Mode,https://wikimon.net/images/thumb/7/77/Vikemon.jpg/120px-Vikemon.jpg
Vipmon,Vipmon,,Adult,Champion,,,,,https://wikimon.net/images/thumb/f/ff/Vipmon.jpg/109px-Vipmon.jpg
Volcamon,Volcanomon,Volcanomon,Perfect,Ultimate,Data,Cyborg,,Pile Volcamon,https://wikimon.net/images/thumb/b/bd/Volcamon.jpg/120px-Volcamon.jpg
Volcanicdramon,Volcanicdramon,Volcanicdramon,Ultimate,Mega,Virus,Earth Dragon,Lavogaritamon; Vorvomon,,https://wikimon.net/images/thumb/8/82/Volcanicdramon.jpg/120px-Volcanicdramon.jpg
Volcdramon,Volcdramon,,Perfect,Ultimate,Data,Dragon,,,https://wikimon.net/images/thumb/a/ac/Volcdramon.jpg/120px-Volcdramon.jpg
Voltobautamon,Boltboutamon,Boltboutamon,Ultimate,Mega,Virus,Demon Man,Piemon; Vamdemon,Voltobautamon (Fusion),https://wikimon.net/images/thumb/8/82/Voltobautamon.jpg/120px-Voltobautamon.jpg
Voltobautamon (Fusion),Boltboutamon (Fusion),Boltboutamon (Fusion),Ultimate,Mega,Virus,,Voltobautamon,,https://wikimon.net/images/thumb/3/3d/Voltobautamon_fusion_survive_model.png/116px-Voltobautamon_fusion_survive_model.png
Volvemon,Volvemon,Volvemon,Ultimate,Mega,,,Albatusmon; Atratusmon,,https://wikimon.net/images/thumb/2/26/Volvemon.jpg/120px-Volvemon.jpg
Vortexdramon,Vortexdramon,,Ultimate,Mega,Data,Bird Dragon,Grand Galemon; Zephagamon,,https://wikimon.net/images/thumb/2/25/Vortexdramon.jpg/120px-Vortexdramon.jpg
Vorvomon,Vorvomon,Vorvomon,Child,Rookie,Virus,Rock Dragon,Digitama; Peti Meramon,Lavorvomon; Maquinamon; Volcanicdramon,https://wikimon.net/images/thumb/6/6d/Vorvomon.jpg/120px-Vorvomon.jpg
Vritramon,BurningGreymon,BurningGreymon,Hybrid,Hybrid,Variable,Demon Dragon,Agnimon; Shamamon,Agnimon; Aldamon; Kaiser Greymon,https://wikimon.net/images/thumb/6/64/Vritramon.jpg/120px-Vritramon.jpg
Vulcanusmon,Vulcanusmon,,Ultimate,Mega,Data,God Man,,,https://wikimon.net/images/thumb/e/e9/Vulcanusmon.jpg/120px-Vulcanusmon.jpg
Vulturemon,Vulturemon,Vulturemon,Perfect,Ultimate,Virus,Bird Man,,,https://wikimon.net/images/thumb/3/3e/Vulturemon.jpg/120px-Vulturemon.jpg
Wankomon,Wankomon,,Child,Rookie,Vaccine,Beast,,,https://wikimon.net/images/thumb/2/26/Wankomon.jpg/120px-Wankomon.jpg
Wanyamon,Wanyamon,Wanyamon,Baby II,Baby II / In-Training / In-Training II,Free,Lesser,Botamon; Dodomon,Bearmon; Elecmon; Gaogamon; Gaomon; Renamon,https://wikimon.net/images/thumb/f/f2/Wanyamon.jpg/120px-Wanyamon.jpg
War Greymon,WarGreymon,WarGreymon,Ultimate,Mega,Vaccine,Dragon Man,Agumon; Greymon; Metal Greymon; Metal Greymon: Alterous Mode; Mugendramon,Omegamon; Omegamon (X-Antibody); Omegamon Zwart; Shoutmon X7: Superior Mode; War Greymon (X-Antibody),https://wikimon.net/images/thumb/9/94/Wargreymon.jpg/120px-Wargreymon.jpg
War Greymon (X-Antibody),WarGreymon (X Antibody),WarGreymon (X Antibody),Ultimate,Mega,Vaccine,Dragon Man,War Greymon,Omegamon (X-Antibody),https://wikimon.net/images/thumb/b/b3/Wargreymonx.jpg/120px-Wargreymonx.jpg
"War Greymon: ""G"" Erosion Mode","WarGreymon: ""G"" Invasion Mode","WarGreymon: ""G"" Invasion Mode",Ultimate,Mega,Vaccine,,,,https://wikimon.net/images/thumb/a/a1/WarGreymon_G_Erosion_Mode.jpg/120px-WarGreymon_G_Erosion_Mode.jpg
Waru Monzaemon,WaruMonzaemon,WaruMonzaemon,Perfect,Ultimate,Virus,Puppet,Monzaemon,Giga Waru Monzaemon; Shoutmon X7: Superior Mode,https://wikimon.net/images/thumb/c/ca/Warumonzaemon.jpg/120px-Warumonzaemon.jpg
Waru Seadramon,Waru Seadramon,,Perfect,Ultimate,Virus,Aquatic,Seadramon,Skull Seadramon,https://wikimon.net/images/thumb/c/c3/Waruseadramon.jpg/120px-Waruseadramon.jpg
Waspmon,Waspmon,Waspmon,Adult,Champion,Virus,Cyborg,Funbeemon,Cannonbeemon,https://wikimon.net/images/thumb/f/f2/Waspmon.jpg/120px-Waspmon.jpg
Weddinmon,Weddinmon,,Perfect,Ultimate,Vaccine,Fairy,,Reverse Weddinmon,https://wikimon.net/images/thumb/7/7c/Weddinmon.jpg/120px-Weddinmon.jpg
Wendimon,Wendigomon,Wendigomon,Adult,Champion,Virus,Beast Man,Lopmon,Andiramon,https://wikimon.net/images/thumb/6/60/Wendimon2.jpg/120px-Wendimon2.jpg
Were Garurumon,WereGarurumon,WereGarurumon,Perfect,Ultimate,Vaccine,Beast Man,Garurumon,Cres Garurumon; Metal Garurumon; Were Garurumon (X-Antibody); Were Garurumon: Sagittarius Mode,https://wikimon.net/images/thumb/8/8f/Weregarurumon.jpg/120px-Weregarurumon.jpg
Were Garurumon (Black),WereGarurumon (Black),WereGarurumon (Black),Perfect,Ultimate,Virus,Beast Man,Garurumon (Black),Metal Garurumon (Black),https://wikimon.net/images/thumb/1/14/Weregarurumon_black.jpg/120px-Weregarurumon_black.jpg
Were Garurumon (X-Antibody),WereGarurumon (X Antibody),WereGarurumon (X Antibody),Perfect,Ultimate,Vaccine,Beast Man,Were Garurumon,,https://wikimon.net/images/thumb/b/bc/Weregarurumonx.jpg/120px-Weregarurumonx.jpg
Were Garurumon: Sagittarius Mode,Were Garurumon: Sagittarius Mode,,Perfect,Ultimate,Vaccine,Beast Man,Were Garurumon,Cres Garurumon; Metal Garurumon,https://wikimon.net/images/thumb/7/76/Weregarurumon_sagittarius.jpg/120px-Weregarurumon_sagittarius.jpg
Wezen Gammamon,Wezen Gammamon,,Adult,Champion,Data,Ceratopsian,Gammamon; Kaus Gammamon,Canoweissmon,https://wikimon.net/images/thumb/2/26/Wezengammamon.jpg/120px-Wezengammamon.jpg
Whamon,Whamon,,Adult,Champion,Vaccine,Aquatic,Yuramon,Whamon Perfect,https://wikimon.net/images/thumb/8/8c/Whamon_adult.jpg/120px-Whamon_adult.jpg
Whamon Perfect,Whamon Perfect,,Perfect,Ultimate,Vaccine,Aquatic Mammal,Rukamon; Whamon,King Whamon; Marin Angemon; Shoutmon X7: Superior Mode,https://wikimon.net/images/thumb/6/6d/Whamon.jpg/120px-Whamon.jpg
White Lopmon,White Lopmon,,Child,Rookie,,Beast,Lopmon,,https://wikimon.net/images/thumb/d/d5/White_Lopmon.png/120px-White_Lopmon.png
Wingdramon,Wingdramon,,Perfect,Ultimate,Vaccine,Sky Dragon,Coredramon (Blue),Slayerdramon,https://wikimon.net/images/thumb/3/31/Wingdramon.jpg/120px-Wingdramon.jpg
Wisemon,Wisemon,,Perfect,Ultimate,Virus,Demon Man,,Knightmon Wise Sword Mode; Mervamon Wide Hi-Vision Sword; Shoutmon X7: Superior Mode,https://wikimon.net/images/thumb/8/8d/Wisemon2.jpg/120px-Wisemon2.jpg
Witchmon,Witchmon,,Adult,Champion,Data,Demon Man,,,https://wikimon.net/images/thumb/d/d8/Witchmon.jpg/120px-Witchmon.jpg
Wizarmon,Wizardmon,Wizardmon,Adult,Champion,Data,Demon Man,Candmon; Impmon,Medieval Dukemon; Mephismon; Mistymon; Wizarmon (X-Antibody),https://wikimon.net/images/thumb/3/34/Wizarmon.jpg/120px-Wizarmon.jpg
Wizarmon (X-Antibody),Wizardmon (X Antibody),Wizardmon (X Antibody),Adult,Champion,Data,Demon Man,Wizarmon,,https://wikimon.net/images/thumb/5/59/Wizarmonx.jpg/120px-Wizarmonx.jpg
Wolfmon,Lobomon,Lobomon,Hybrid,Hybrid,Variable,Warrior,Garummon; Strabimon,Ancient Garurumon; Beowolfmon; Garummon,https://wikimon.net/images/thumb/a/a9/Wolfmon.jpg/120px-Wolfmon.jpg
Wolvermon,Wolvermon,,Adult,Champion,Vaccine,Cyborg,Pristimon,Bearcatmon,https://wikimon.net/images/thumb/f/f4/Wolvermon.jpg/120px-Wolvermon.jpg
Woodmon,Woodmon,,Adult,Champion,Virus,Plant,Budmon; Mushmon,Jyureimon; Shoutmon X7: Superior Mode,https://wikimon.net/images/thumb/f/f5/Woodmon.jpg/120px-Woodmon.jpg
Woodwoodymon,Woodwoodymon,,,,,,,,https://wikimon.net/images/thumb/a/a6/Woodwoodymon.jpg/120px-Woodwoodymon.jpg
Wormmon,Wormmon,Wormmon,Child,Rookie,Free,Larva,Minomon,Coatlmon; Hudiemon; Imperialdramon: Fighter Mode; Kongoumon; Pucchiemon; Shadramon; Stingmon,https://wikimon.net/images/thumb/4/48/Wormmon.jpg/120px-Wormmon.jpg
Xiangpengmon,Xiangpengmon,,Ultimate,Mega,Vaccine,Holy Bird,Huankunmon,,https://wikimon.net/images/thumb/9/98/Xiangpengmon.jpg/120px-Xiangpengmon.jpg
Xiaomon,Shaomon,Shaomon,Baby II,Baby II / In-Training / In-Training II,,Lesser,Paomon,Labramon,https://wikimon.net/images/thumb/8/86/Xiaomon.jpg/120px-Xiaomon.jpg
Xingtianmon,Xingtianmon,Xingtianmon,Perfect,Ultimate,Virus,Oni,,,https://wikimon.net/images/thumb/e/e8/Xingtianmon.jpg/120px-Xingtianmon.jpg
Xiquemon,Xiquemon,,Adult,Champion,Vaccine,Bird,,Huankunmon,https://wikimon.net/images/thumb/0/05/Xiquemon.jpg/120px-Xiquemon.jpg
Xros Up Arresterdramon (Astamon),Xros Up Arresterdramon (Astamon),,No Level,,,,Arresterdramon,,https://wikimon.net/images/thumb/6/6e/Arresterdramon_astamon.jpg/120px-Arresterdramon_astamon.jpg
Xros Up Arresterdramon (Blossomon),Xros Up Arresterdramon (Blossomon),,No Level,,,,Arresterdramon,,https://wikimon.net/images/thumb/1/12/Arresterdramon_blossomon.jpg/120px-Arresterdramon_blossomon.jpg
Xros Up Arresterdramon (Dobermon),Xros Up Arresterdramon (Dobermon),,No Level,,,,Arresterdramon,,https://wikimon.net/images/thumb/4/41/Arresterdramon_Dobermon.jpg/120px-Arresterdramon_Dobermon.jpg
Xros Up Arresterdramon (Giga Breakdramon),Xros Up Arresterdramon (Giga Breakdramon),,No Level,,,,Arresterdramon,,https://wikimon.net/images/thumb/2/23/Arresterdramon_gigabreakdramon.jpg/120px-Arresterdramon_gigabreakdramon.jpg
Xros Up Arresterdramon (Metal Tyranomon),Xros Up Arresterdramon (Metal Tyranomon),,No Level,,,,Arresterdramon,,https://wikimon.net/images/thumb/b/b4/Arresterdramon_metaltyranomon.jpg/120px-Arresterdramon_metaltyranomon.jpg
Xros Up Arresterdramon (Orgemon),Xros Up Arresterdramon (Orgemon),,No Level,,,,Arresterdramon,,https://wikimon.net/images/thumb/8/8a/Arresterdramon_orgemon.jpg/120px-Arresterdramon_orgemon.jpg
Xros Up Arresterdramon (Sagomon),Xros Up Arresterdramon (Sagomon),,No Level,,,,Arresterdramon; Gumdramon,,https://wikimon.net/images/thumb/3/36/Arresterdramon_sagomon.jpg/120px-Arresterdramon_sagomon.jpg
Xros Up Arresterdramon (Sparrowmon),Xros Up Arresterdramon (Sparrowmon),,No Level,,,,Arresterdramon,,https://wikimon.net/images/thumb/1/1f/Arresterdramon_sparrowmon.jpg/120px-Arresterdramon_sparrowmon.jpg
Xros Up Astamon (Cerberumon),Xros Up Astamon (Cerberumon),,No Level,,,,Astamon,,https://wikimon.net/images/thumb/3/31/Astamon_cerberumon.jpg/120px-Astamon_cerberumon.jpg
Xros Up Astamon (Triceramon),Xros Up Astamon (Triceramon),,No Level,,,,Astamon,,https://wikimon.net/images/thumb/a/a8/Astamon_triceramon.jpg/120px-Astamon_triceramon.jpg
Xros Up Ballistamon (Revolmon),Xros Up Ballistamon (Revolmon),,No Level,,,,Ballistamon,,https://wikimon.net/images/thumb/6/6a/Ballistamon_Revolmon.jpg/120px-Ballistamon_Revolmon.jpg
Xros Up Dorulumon (Pawn Chessmon (White)),Xros Up Dorulumon (Pawn Chessmon (White)),,No Level,,,,Dorulumon,,https://wikimon.net/images/thumb/d/d8/Xrosup_dorulumon.png/120px-Xrosup_dorulumon.png
Xros Up Gumdramon (Kotemon),Xros Up Gumdramon (Kotemon),,No Level,,,,Gumdramon,,https://wikimon.net/images/thumb/8/89/Gumdramon_kotemon.jpg/120px-Gumdramon_kotemon.jpg
Xros Up Mervamon (Beelzebumon),Xros Up Mervamon,Xros Up Mervamon,No Level,,Virus,,Beelzebumon (2010 Anime Version); Mervamon,,https://wikimon.net/images/thumb/4/44/Mervamon_beelzebumon.jpg/120px-Mervamon_beelzebumon.jpg
Xros Up Omega Shoutmon (Dorulumon),Xros Up Omega Shoutmon (Dorulumon),,No Level,,,,Omega Shoutmon,,https://wikimon.net/images/thumb/f/ff/Omegashoutmon_dorulumon.jpg/120px-Omegashoutmon_dorulumon.jpg
Xros Up Opossummon (Candmon),Xros Up Opossummon (Candmon),,No Level,,,,Opossummon,,https://wikimon.net/images/thumb/1/11/Opossummon_candmon.jpg/120px-Opossummon_candmon.jpg
Xros Up Shoutmon (Chibi Kamemon),Xros Up Shoutmon (Chibi Kamemon),,No Level,,,,Shoutmon (King Ver.),,https://wikimon.net/images/thumb/b/bf/Shoutmon_chibikamemon.jpg/120px-Shoutmon_chibikamemon.jpg
Xros Up Shoutmon (Pinochimon),Xros Up Shoutmon (Pinochimon),,No Level,,,,Shoutmon (King Ver.),,https://wikimon.net/images/thumb/c/c8/Shoutmon_pinochimon.jpg/120px-Shoutmon_pinochimon.jpg
Xros Up Submarimon (Plesiomon),Xros Up Submarimon (Plesiomon),,No Level,,,,Submarimon,,https://wikimon.net/images/thumb/3/3c/Submarimon_plesiomon.jpg/120px-Submarimon_plesiomon.jpg
Xros Up Tuwarmon (Superstarmon),Xros Up Tuwarmon (Superstarmon),,No Level,,,,Tuwarmon,,https://wikimon.net/images/thumb/8/82/Tuwarmon_Superstarmon.jpg/120px-Tuwarmon_Superstarmon.jpg
Xuanwumon,Ebonwumon,Ebonwumon,Ultimate,Mega,Vaccine,Holy Beast,Orochimon,Huanglongmon,https://wikimon.net/images/thumb/f/fd/Xuanwumon.jpg/120px-Xuanwumon.jpg
XV-mon,ExVeemon,ExVeemon,Adult,Champion,Free,Mythical Dragon,V-mon,Dinobeemon; Magnamon; Paildramon,https://wikimon.net/images/thumb/6/6a/Xvmon.jpg/120px-Xvmon.jpg
XV-mon (Black),XV-mon (Black),,Adult,Champion,Virus,Mythical Beast,,,https://wikimon.net/images/thumb/8/87/St-768.jpg/83px-St-768.jpg
Yaeger Dorulumon,JaegerDorulumon,JaegerDorulumon,Perfect,Ultimate,Virus,Beast Man,Dorulumon,Shoutmon EX6,https://wikimon.net/images/thumb/4/40/Yaegerdorulumon.jpg/120px-Yaegerdorulumon.jpg
Yakiimon,Yakiimon,,Adult,Champion,Vaccine,Plant,,,https://wikimon.net/images/thumb/1/16/Yakiimon.jpg/120px-Yakiimon.jpg
Yaksamon,Yasyamon,Yasyamon,Armor,Armor,Free,Demon Man,Dracumon,,https://wikimon.net/images/thumb/c/c6/Yaksamon.jpg/120px-Yaksamon.jpg
Yanmamon,Yanmamon,,Adult,Champion,Data,Insect,,,https://wikimon.net/images/thumb/2/27/Yanmamon.jpg/120px-Yanmamon.jpg
Yarmon,Yarmon,,Baby II,Baby II / In-Training / In-Training II,Free,Lesser,Digitama; Keemon,Impmon,https://wikimon.net/images/thumb/f/f5/Yarmon.jpg/120px-Yarmon.jpg
Yatagaramon,Yatakaramon,Yatakaramon,Perfect,Ultimate,Vaccine,Bewitching Bird,Falcomon,,https://wikimon.net/images/thumb/0/05/Yatagaramon.jpg/120px-Yatagaramon.jpg
Yatagaramon (2006 Anime Version),Crowmon (2006 Anime Version),Crowmon (2006 Anime Version),Perfect,Ultimate,Vaccine,Bewitching Bird,Peckmon,Ravmon,https://wikimon.net/images/thumb/1/17/Yatagaramon2006.jpg/120px-Yatagaramon2006.jpg
Yihumon,Yihumon,,Ultimate,Mega,Vaccine,Beast Man,,,https://wikimon.net/images/thumb/0/0c/Yihumon.jpg/120px-Yihumon.jpg
Yo!Yo!mon,Yo!Yo!mon,,Adult,Champion,Virus,Puppet,,,https://wikimon.net/images/thumb/3/33/Yoxtuyoxtumon.jpg/120px-Yoxtuyoxtumon.jpg
Yolkmon,Yolkmon,,Baby I,Baby I / Fresh / In-Training I,,Slime,Digitama,Fluffymon,https://wikimon.net/images/thumb/a/a2/Yolkmon.jpg/120px-Yolkmon.jpg
Youkomon,Youkomon,,Adult,Champion,Data,Bewitching Beast,Renamon,Doumon,https://wikimon.net/images/thumb/7/77/Youkomon.jpg/120px-Youkomon.jpg
Yuki Agumon,SnowAgumon,SnowAgumon,Child,Rookie,Vaccine,Dinosaur,Budmon; Koromon,Mugendramon,https://wikimon.net/images/thumb/9/9d/Yukiagumon.jpg/120px-Yukiagumon.jpg
Yuki Agumon (2006 Anime Version),SnowAgumon,SnowAgumon,Child,Rookie,Vaccine,Dinosaur,,,https://wikimon.net/images/thumb/f/f5/Yukiagumon2.jpg/120px-Yukiagumon2.jpg
Yukidarumon,Frigimon,Frigimon,Adult,Champion,Vaccine,Ice-Snow,,Polar Bearmon; Shoutmon X7: Superior Mode,https://wikimon.net/images/thumb/f/f2/Yukidarumon.jpg/120px-Yukidarumon.jpg
Yukimi Botamon,YukimiBotamon,YukimiBotamon,Baby I,Baby I / Fresh / In-Training I,Free,Slime,Digitama,Hiyarimon; Nyaromon; Shoutmon X7: Superior Mode,https://wikimon.net/images/thumb/9/91/Yukimibotamon.jpg/120px-Yukimibotamon.jpg
Yukinamon,Yukinamon,,Ultimate,Mega,Virus,Ice-Snow,Sekkamon,,https://wikimon.net/images/thumb/8/83/Yukinamon_alysion.png/85px-Yukinamon_alysion.png
Yuramon,Yuramon,Yuramon,Baby I,Baby I / Fresh / In-Training I,Data,Seed,Digitama,Budmon; Tanemon; Whamon; Z'd Garurumon,https://wikimon.net/images/thumb/5/5a/Yuramon.jpg/120px-Yuramon.jpg
Z'd Garurumon,ZeedGarurumon,ZeedGarurumon,Ultimate,Mega,Data,Cyborg,Botamon; Mach Gaogamon; Yuramon,,https://wikimon.net/images/thumb/3/32/Zdgarurumon.jpg/120px-Zdgarurumon.jpg
Zamielmon,Zamielmon,,Perfect,Ultimate,Data,Demon Man,,Grand Generamon; Grand Generamon,https://wikimon.net/images/thumb/7/76/Zamielmon.jpg/120px-Zamielmon.jpg
Zanbamon,Zanbamon,,Ultimate,Mega,Virus,Demon Man,,,https://wikimon.net/images/thumb/9/9e/Zanbamon.jpg/120px-Zanbamon.jpg
Zanmetsumon,Zanmetsumon,,Perfect,Ultimate,Virus,Beast Dragon,,,https://wikimon.net/images/thumb/d/d4/Zanmetsumon.jpg/120px-Zanmetsumon.jpg
Zassoumon,Weedmon,Weedmon,Adult,Champion,Virus,Plant,Alraumon,Blossomon,https://wikimon.net/images/thumb/e/e9/Zassoumon.jpg/120px-Zassoumon.jpg
Zeed Millenniumon,ZeedMillenniummon,ZeedMillenniummon,Ultimate,Mega,Virus,Wicked God,Cyberdramon; Dark Knightmon (Lilithmon); Millenniumon; Moon Millenniumon,Cyberdramon,https://wikimon.net/images/thumb/0/0f/Zeedmillenniumon.jpg/120px-Zeedmillenniumon.jpg
Zeke Greymon,ZeigGreymon,ZeigGreymon,Ultimate,Mega,Virus,Cyborg,Metal Greymon (2010 Anime Version),Shoutmon DX; Shoutmon EX6; Shoutmon X10; Shoutmon X7; Shoutmon X7: Superior Mode,https://wikimon.net/images/thumb/a/a9/Zekegreymon2.jpg/120px-Zekegreymon2.jpg
Zenimon,Zenimon,,Child,Rookie,Vaccine,Mutation,,,https://wikimon.net/images/thumb/b/b5/Zenimon.jpg/120px-Zenimon.jpg
Zephagamon,Zephagamon,Zephagamon,Ultimate,Mega,Data,Magic Knight,Grand Galemon; Pteromon,Vortexdramon,https://wikimon.net/images/thumb/e/ee/Zephagamon.jpg/120px-Zephagamon.jpg
Zerimon,Zerimon,,Baby I,Baby I / Fresh / In-Training I,Free,Slime,Digitama,Gummymon,https://wikimon.net/images/thumb/6/6f/Zerimon.jpg/120px-Zerimon.jpg
Zhilongshou,Zhilongshou,,,,,,,Suannishou,https://wikimon.net/images/thumb/6/6a/Zhilongshou_manhua.png/81px-Zhilongshou_manhua.png
Zhuhuanshou,Zhuhuanshou,,,,,,,,https://wikimon.net/images/thumb/8/82/Nipponiamon_manhua.png/120px-Nipponiamon_manhua.png
Zhuqiaomon,Zhuqiaomon,Zhuqiaomon,Ultimate,Mega,Virus,Holy Bird,,Huanglongmon,https://wikimon.net/images/thumb/b/bc/Zhuqiaomon2.jpg/120px-Zhuqiaomon2.jpg
Zino Garurumon,Zino Garurumon,,Ultimate,Mega,Free,,,,https://wikimon.net/images/thumb/4/4f/Zinogarurumon.jpg/120px-Zinogarurumon.jpg
Zombie Plutomon,ZombiePlutomon,ZombiePlutomon,Ultimate,Mega,Virus,Undead,Plutomon,,https://wikimon.net/images/thumb/5/5f/Zombieplutomon.jpg/120px-Zombieplutomon.jpg
Zombiemon,Zombiemon,,,,,,,,https://wikimon.net/images/thumb/6/61/Digimon_noimage.jpg/120px-Digimon_noimage.jpg
Zubaeagermon,ZubaEagermon,ZubaEagermon,Adult,Champion,Vaccine,Weapon,Zubamon,Duramon; Grademon,https://wikimon.net/images/thumb/5/5a/Zubaeagermon.jpg/120px-Zubaeagermon.jpg
Zubamon,Zubamon,,Child,Rookie,Vaccine,Weapon,Sakuttomon,Zubaeagermon,https://wikimon.net/images/thumb/6/6e/Zubamon.jpg/120px-Zubamon.jpg
Zudomon,Zudomon,,Perfect,Ultimate,Vaccine,Marine Beast,Ikkakumon,Plesiomon; Vikemon,https://wikimon.net/images/thumb/b/b3/Zudomon.jpg/120px-Zudomon.jpg
Zurumon,Zurumon,Zurumon,Baby I,Baby I / Fresh / In-Training I,Free,Slime,,Shoutmon X7: Superior Mode,https://wikimon.net/images/thumb/a/a3/Zurumon.jpg/120px-Zurumon.jpg
